User_ID,UTC_Time,Account,Operation,Coin,Change,Remark
149547063,5/11/2021 18:33,Spot,Deposit,DAI,1212,
149547063,5/11/2021 18:45,Spot,Buy,BTC,0.010512,
149547063,5/11/2021 18:45,Spot,Transaction Related,DAI,-593.84916,
149547063,5/11/2021 18:45,Spot,Commission Fee Shared With You,BTC,0.0000021,
149547063,5/11/2021 18:45,Spot,Fee,BTC,-0.00001051,
149547063,5/11/2021 18:49,Spot,Buy,ETH,0.05023,
149547063,5/11/2021 18:49,Spot,Fee,ETH,-0.00005023,
149547063,5/11/2021 18:49,Spot,Commission Fee Shared With You,ETH,0.00001005,
149547063,5/11/2021 18:49,Spot,Transaction Related,DAI,-203.9749886,
149547063,5/12/2021 10:35,Spot,Commission Fee Shared With You,BNB,0.00004824,
149547063,5/12/2021 10:35,Spot,Buy,BNB,0.3216,
149547063,5/12/2021 10:35,Spot,Transaction Related,DAI,-200.7751,
149547063,5/12/2021 10:35,Spot,Commission Fee Shared With You,BNB,0.00004539,
149547063,5/12/2021 10:35,Spot,Fee,BNB,-0.0002412,
149547063,5/12/2021 10:35,Spot,Transaction Related,DAI,-213.3816,
149547063,5/12/2021 10:35,Spot,Fee,BNB,-0.00022695,
149547063,5/12/2021 10:35,Spot,Buy,BNB,0.3026,
149547063,5/12/2021 10:40,Spot,Fee,BNB,-0.00023388,
149547063,5/12/2021 10:40,Spot,Transaction Related,BNB,-0.311899,
149547063,5/12/2021 10:40,Spot,Buy,ADA,119,
149547063,5/12/2021 10:40,Spot,Commission Fee Shared With You,BNB,0.00004678,
149547063,5/12/2021 10:41,Spot,Commission Fee Shared With You,BNB,0.00002312,
149547063,5/12/2021 10:41,Spot,Transaction Related,BNB,-0.154353,
149547063,5/12/2021 10:41,Spot,Buy,BCH,0.069,
149547063,5/12/2021 10:41,Spot,Fee,BNB,-0.00011558,
149547063,5/12/2021 10:42,Spot,Small assets exchange BNB,DAI,-0.0191514,
149547063,5/12/2021 10:42,Spot,Small assets exchange BNB,BNB,0.00002836,
149547063,5/12/2021 10:45,Spot,Buy,XMR,0.073,
149547063,5/12/2021 10:45,Spot,Fee,BNB,-0.00003727,
149547063,5/12/2021 10:45,Spot,Transaction Related,BNB,-0.049859,
149547063,5/12/2021 10:45,Spot,Commission Fee Shared With You,BNB,0.00000746,
149547063,5/12/2021 12:04,Spot,POS savings purchase,ADA,-60,
149547063,5/14/2021 3:46,Spot,POS savings interest,ADA,0.0128052,
149547063,5/15/2021 1:12,Spot,POS savings interest,ADA,0.0128052,
149547063,5/16/2021 1:13,Spot,POS savings interest,ADA,0.0128052,
149547063,5/16/2021 8:57,Spot,ETH 2.0 Staking,ETH,-0.0251,
149547063,5/16/2021 8:57,Spot,ETH 2.0 Staking,BETH,0.0251,
149547063,5/16/2021 9:02,Spot,Savings purchase,BTC,-0.01050359,
149547063,5/16/2021 9:08,Spot,POS savings purchase,ADA,-44.2788117,
149547063,5/16/2021 9:09,Spot,Savings purchase,BNB,-0.1074,
149547063,5/16/2021 9:14,Spot,ETH 2.0 Staking,ETH,-0.025,
149547063,5/16/2021 9:14,Spot,ETH 2.0 Staking,BETH,0.025,
149547063,5/17/2021 1:13,Spot,POS savings interest,ADA,0.0128052,
149547063,5/18/2021 1:13,Spot,POS savings interest,ADA,0.0128052,
149547063,5/18/2021 1:20,Spot,POS savings interest,ADA,0.00944998,
149547063,5/18/2021 2:11,Spot,Savings Interest,BTC,3.40E-07,
149547063,5/18/2021 3:10,Spot,Savings Interest,BNB,0.00000197,
149547063,5/18/2021 8:29,Spot,ETH 2.0 Staking Rewards,BETH,0.00000982,
149547063,5/19/2021 1:13,Spot,POS savings interest,ADA,0.0128052,
149547063,5/19/2021 1:20,Spot,POS savings interest,ADA,0.00944998,
149547063,5/19/2021 3:15,Spot,Savings Interest,BTC,3.40E-07,
149547063,5/19/2021 4:00,Spot,Savings Interest,BNB,0.00000197,
149547063,5/19/2021 8:30,Spot,ETH 2.0 Staking Rewards,BETH,0.00000985,
149547063,5/20/2021 1:15,Spot,POS savings interest,ADA,0.0128052,
149547063,5/20/2021 1:22,Spot,POS savings interest,ADA,0.00944998,
149547063,5/20/2021 3:07,Spot,Savings Interest,BTC,3.40E-07,
149547063,5/20/2021 3:37,Spot,Savings Interest,BNB,0.00000197,
149547063,5/20/2021 8:31,Spot,ETH 2.0 Staking Rewards,BETH,0.00000981,
149547063,5/21/2021 1:14,Spot,POS savings interest,ADA,0.0128052,
149547063,5/21/2021 1:21,Spot,POS savings interest,ADA,0.00944998,
149547063,5/21/2021 3:10,Spot,Savings Interest,BTC,3.40E-07,
149547063,5/21/2021 7:04,Spot,Savings Interest,BNB,0.00000197,
149547063,5/21/2021 10:30,Spot,ETH 2.0 Staking Rewards,BETH,0.00000979,
149547063,5/22/2021 3:03,Spot,Savings Interest,BTC,3.40E-07,
149547063,5/22/2021 4:07,Spot,Savings Interest,BNB,0.00000197,
149547063,5/22/2021 8:31,Spot,ETH 2.0 Staking Rewards,BETH,0.0000098,
149547063,5/22/2021 13:34,Spot,POS savings interest,ADA,0.0128052,
149547063,5/22/2021 13:40,Spot,POS savings interest,ADA,0.00944998,
149547063,5/23/2021 1:13,Spot,POS savings interest,ADA,0.0128052,
149547063,5/23/2021 1:19,Spot,POS savings interest,ADA,0.00944998,
149547063,5/23/2021 3:13,Spot,Savings Interest,BTC,3.40E-07,
149547063,5/23/2021 3:55,Spot,Savings Interest,BNB,0.00000197,
149547063,5/23/2021 8:33,Spot,ETH 2.0 Staking Rewards,BETH,0.00000975,
149547063,5/24/2021 1:13,Spot,POS savings interest,ADA,0.0128052,
149547063,5/24/2021 1:20,Spot,POS savings interest,ADA,0.00944998,
149547063,5/24/2021 3:22,Spot,Savings Interest,BTC,3.40E-07,
149547063,5/24/2021 4:06,Spot,Savings Interest,BNB,0.00000197,
149547063,5/24/2021 9:27,Spot,ETH 2.0 Staking Rewards,BETH,0.00000969,
149547063,5/25/2021 1:13,Spot,POS savings interest,ADA,0.0128052,
149547063,5/25/2021 1:20,Spot,POS savings interest,ADA,0.00944998,
149547063,5/25/2021 3:13,Spot,Savings Interest,BTC,3.40E-07,
149547063,5/25/2021 3:57,Spot,Savings Interest,BNB,0.00000197,
149547063,5/25/2021 8:28,Spot,ETH 2.0 Staking Rewards,BETH,0.00000972,
149547063,5/26/2021 3:06,Spot,Savings Interest,BTC,3.40E-07,
149547063,5/26/2021 3:40,Spot,Savings Interest,BNB,0.00000197,
149547063,5/26/2021 6:33,Spot,POS savings interest,ADA,0.0128052,
149547063,5/26/2021 6:40,Spot,POS savings interest,ADA,0.00944998,
149547063,5/26/2021 8:27,Spot,ETH 2.0 Staking Rewards,BETH,0.0000097,
149547063,5/27/2021 1:08,Spot,POS savings interest,ADA,0.0128052,
149547063,5/27/2021 1:15,Spot,POS savings interest,ADA,0.00944998,
149547063,5/27/2021 8:26,Spot,ETH 2.0 Staking Rewards,BETH,0.00000963,
149547063,5/27/2021 12:15,Spot,Savings Interest,BTC,3.40E-07,
149547063,5/27/2021 13:00,Spot,Savings Interest,BNB,0.00000197,
149547063,5/28/2021 1:10,Spot,POS savings interest,ADA,0.0128052,
149547063,5/28/2021 1:17,Spot,POS savings interest,ADA,0.00944998,
149547063,5/28/2021 3:14,Spot,Savings Interest,BTC,3.40E-07,
149547063,5/28/2021 3:58,Spot,Savings Interest,BNB,0.00000197,
149547063,5/28/2021 8:27,Spot,ETH 2.0 Staking Rewards,BETH,0.00000963,
149547063,5/29/2021 1:09,Spot,POS savings interest,ADA,0.0128052,
149547063,5/29/2021 1:16,Spot,POS savings interest,ADA,0.00944998,
149547063,5/29/2021 3:12,Spot,Savings Interest,BTC,3.40E-07,
149547063,5/29/2021 3:38,Spot,Savings Interest,BNB,0.00000197,
149547063,5/29/2021 8:27,Spot,ETH 2.0 Staking Rewards,BETH,0.00000963,
149547063,5/30/2021 1:09,Spot,POS savings interest,ADA,0.0128052,
149547063,5/30/2021 1:16,Spot,POS savings interest,ADA,0.00944998,
149547063,5/30/2021 3:15,Spot,Savings Interest,BTC,3.40E-07,
149547063,5/30/2021 3:55,Spot,Savings Interest,BNB,0.00000197,
149547063,5/30/2021 8:27,Spot,ETH 2.0 Staking Rewards,BETH,0.0000096,
149547063,5/31/2021 1:09,Spot,POS savings interest,ADA,0.0128052,
149547063,5/31/2021 1:16,Spot,POS savings interest,ADA,0.00944998,
149547063,5/31/2021 3:16,Spot,Savings Interest,BTC,3.40E-07,
149547063,5/31/2021 3:40,Spot,Savings Interest,BNB,0.00000197,
149547063,5/31/2021 9:35,Spot,ETH 2.0 Staking Rewards,BETH,0.00000955,
149547063,6/1/2021 1:08,Spot,POS savings interest,ADA,0.0128052,
149547063,6/1/2021 1:14,Spot,POS savings interest,ADA,0.00944998,
149547063,6/1/2021 3:14,Spot,Savings Interest,BTC,3.40E-07,
149547063,6/1/2021 3:58,Spot,Savings Interest,BNB,0.00000197,
149547063,6/1/2021 8:28,Spot,ETH 2.0 Staking Rewards,BETH,0.00000953,
149547063,6/2/2021 1:08,Spot,POS savings interest,ADA,0.0128052,
149547063,6/2/2021 1:15,Spot,POS savings interest,ADA,0.00944998,
149547063,6/2/2021 8:28,Spot,ETH 2.0 Staking Rewards,BETH,0.00000942,
149547063,6/2/2021 8:51,Spot,Savings Interest,BNB,0.00000197,
149547063,6/2/2021 10:16,Spot,Savings Interest,BTC,3.40E-07,
149547063,6/3/2021 1:08,Spot,POS savings interest,ADA,0.0128052,
149547063,6/3/2021 1:14,Spot,POS savings interest,ADA,0.00944998,
149547063,6/3/2021 3:18,Spot,Super BNB Mining,ATA,0.03014739,
149547063,6/3/2021 3:18,Spot,Savings Interest,BTC,3.40E-07,
149547063,6/3/2021 4:07,Spot,Savings Interest,BNB,0.00000197,
149547063,6/3/2021 11:18,Spot,ETH 2.0 Staking Rewards,BETH,0.00000939,
149547063,6/4/2021 3:08,Spot,Savings Interest,BTC,3.40E-07,
149547063,6/4/2021 3:33,Spot,Super BNB Mining,ATA,0.02770747,
149547063,6/4/2021 4:20,Spot,Savings Interest,BNB,0.00000197,
149547063,6/4/2021 4:26,Spot,POS savings interest,ADA,0.0128052,
149547063,6/4/2021 4:33,Spot,POS savings interest,ADA,0.00944998,
149547063,6/4/2021 8:30,Spot,ETH 2.0 Staking Rewards,BETH,0.00000938,
149547063,6/5/2021 1:06,Spot,POS savings interest,ADA,0.0128052,
149547063,6/5/2021 1:12,Spot,POS savings interest,ADA,0.00944998,
149547063,6/5/2021 3:20,Spot,Savings Interest,BTC,3.40E-07,
149547063,6/5/2021 3:29,Spot,Super BNB Mining,ATA,0.02729554,
149547063,6/5/2021 4:09,Spot,Savings Interest,BNB,0.00000197,
149547063,6/5/2021 8:29,Spot,ETH 2.0 Staking Rewards,BETH,0.00000915,
149547063,6/5/2021 15:30,Spot,Commission Fee Shared With You,ETH,0.00000812,
149547063,6/5/2021 15:30,Spot,Transaction Related,BETH,-0.0432,
149547063,6/5/2021 15:30,Spot,Fee,ETH,-0.00004059,
149547063,6/5/2021 15:30,Spot,Buy,ETH,0.0405864,
149547063,6/5/2021 15:35,Spot,Fee,BTC,-0.00000196,
149547063,6/5/2021 15:35,Spot,Buy,BTC,0.00196381,
149547063,6/5/2021 15:35,Spot,Commission Fee Shared With You,BTC,3.90E-07,
149547063,6/5/2021 15:35,Spot,Transaction Related,ETH,-0.027,
149547063,6/5/2021 15:38,Spot,Buy,ETH,0.0052612,
149547063,6/5/2021 15:38,Spot,Commission Fee Shared With You,BNB,0.00000522,
149547063,6/5/2021 15:38,Spot,Fee,BNB,-0.00002612,
149547063,6/5/2021 15:38,Spot,Transaction Related,BETH,-0.0056,
149547063,6/5/2021 15:39,Spot,Buy,ETH,0.0013153,
149547063,6/5/2021 15:39,Spot,Fee,BNB,-0.00000655,
149547063,6/5/2021 15:39,Spot,Transaction Related,BETH,-0.0014,
149547063,6/5/2021 15:39,Spot,Commission Fee Shared With You,BNB,0.00000131,
149547063,6/6/2021 1:09,Spot,POS savings interest,ADA,0.0128052,
149547063,6/6/2021 1:15,Spot,POS savings interest,ADA,0.00944998,
149547063,6/6/2021 2:52,Spot,Savings Interest,BTC,3.40E-07,
149547063,6/6/2021 3:54,Spot,Super BNB Mining,ATA,0.0271361,
149547063,6/6/2021 4:19,Spot,Savings Interest,BNB,0.00000197,
149547063,6/6/2021 8:29,Spot,ETH 2.0 Staking Rewards,BETH,0.00000918,
149547063,6/7/2021 1:07,Spot,POS savings interest,ADA,0.0128052,
149547063,6/7/2021 1:14,Spot,POS savings interest,ADA,0.00944998,
149547063,6/7/2021 3:07,Spot,Savings Interest,BTC,3.40E-07,
149547063,6/7/2021 4:01,Spot,Super BNB Mining,ATA,0.02713366,
149547063,6/7/2021 4:17,Spot,Savings Interest,BNB,0.00000197,
149547063,6/7/2021 8:30,Spot,ETH 2.0 Staking Rewards,BETH,1.00E-08,
149547063,6/8/2021 1:06,Spot,POS savings interest,ADA,0.0128052,
149547063,6/8/2021 1:13,Spot,POS savings interest,ADA,0.00944998,
149547063,6/8/2021 3:10,Spot,Savings Interest,BTC,3.40E-07,
149547063,6/8/2021 4:04,Spot,Super BNB Mining,ATA,0.00566869,
149547063,6/8/2021 4:22,Spot,Savings Interest,BNB,0.00000197,
149547063,6/8/2021 8:36,Spot,ETH 2.0 Staking Rewards,BETH,1.00E-08,
149547063,6/9/2021 1:05,Spot,POS savings interest,ADA,0.0128052,
149547063,6/9/2021 1:11,Spot,POS savings interest,ADA,0.00944998,
149547063,6/9/2021 3:20,Spot,Savings Interest,BTC,3.40E-07,
149547063,6/9/2021 3:54,Spot,Super BNB Mining,ATA,0.0058834,
149547063,6/9/2021 4:15,Spot,Savings Interest,BNB,0.00000197,
149547063,6/9/2021 8:36,Spot,ETH 2.0 Staking Rewards,BETH,1.00E-08,
149547063,6/10/2021 1:06,Spot,POS savings interest,ADA,0.0128052,
149547063,6/10/2021 1:13,Spot,POS savings interest,ADA,0.00944998,
149547063,6/10/2021 3:11,Spot,Savings Interest,BTC,3.40E-07,
149547063,6/10/2021 3:30,Spot,Super BNB Mining,ATA,0.00597123,
149547063,6/10/2021 4:19,Spot,Savings Interest,BNB,0.00000197,
149547063,6/10/2021 10:28,Spot,ETH 2.0 Staking Rewards,BETH,1.00E-08,
149547063,6/11/2021 1:06,Spot,POS savings interest,ADA,0.0128052,
149547063,6/11/2021 1:13,Spot,POS savings interest,ADA,0.00944998,
149547063,6/11/2021 3:12,Spot,Savings Interest,BTC,3.40E-07,
149547063,6/11/2021 3:53,Spot,Super BNB Mining,ATA,0.00599327,
149547063,6/11/2021 4:16,Spot,Savings Interest,BNB,0.00000197,
149547063,6/11/2021 12:09,Spot,ETH 2.0 Staking Rewards,BETH,1.00E-08,
149547063,6/12/2021 1:05,Spot,POS savings interest,ADA,0.0128052,
149547063,6/12/2021 1:12,Spot,POS savings interest,ADA,0.00944998,
149547063,6/12/2021 2:57,Spot,Savings Interest,BTC,3.40E-07,
149547063,6/12/2021 4:11,Spot,Super BNB Mining,ATA,0.00603958,
149547063,6/12/2021 4:22,Spot,Savings Interest,BNB,0.00000197,
149547063,6/12/2021 14:11,Spot,Savings purchase,BTC,-0.00197108,
149547063,6/12/2021 15:19,Spot,ETH 2.0 Staking Rewards,BETH,1.00E-08,
149547063,6/13/2021 1:03,Spot,POS savings interest,ADA,0.0128052,
149547063,6/13/2021 1:10,Spot,POS savings interest,ADA,0.00944998,
149547063,6/13/2021 3:32,Spot,Super BNB Mining,ATA,0.0060704,
149547063,6/13/2021 4:14,Spot,Savings Interest,BNB,0.00000197,
149547063,6/13/2021 4:39,Spot,Savings Interest,BTC,3.40E-07,
149547063,6/13/2021 12:01,Spot,ETH 2.0 Staking Rewards,BETH,1.00E-08,
149547063,6/14/2021 1:03,Spot,POS savings interest,ADA,0.0128052,
149547063,6/14/2021 1:09,Spot,POS savings interest,ADA,0.00944998,
149547063,6/14/2021 3:58,Spot,Super BNB Mining,ATA,0.00607292,
149547063,6/14/2021 4:11,Spot,Savings Interest,BNB,0.00000197,
149547063,6/14/2021 4:42,Spot,Savings Interest,BTC,4.10E-07,
149547063,6/14/2021 14:20,Spot,ETH 2.0 Staking Rewards,BETH,1.00E-08,
149547063,6/15/2021 1:02,Spot,POS savings interest,ADA,0.0128052,
149547063,6/15/2021 1:09,Spot,POS savings interest,ADA,0.00944998,
149547063,6/15/2021 4:13,Spot,Super BNB Mining,ATA,0.00606582,
149547063,6/15/2021 4:21,Spot,Savings Interest,BNB,0.00000197,
149547063,6/15/2021 4:50,Spot,Savings Interest,BTC,4.10E-07,
149547063,6/15/2021 10:36,Spot,ETH 2.0 Staking Rewards,BETH,1.00E-08,
149547063,6/16/2021 1:02,Spot,POS savings interest,ADA,0.0128052,
149547063,6/16/2021 1:09,Spot,POS savings interest,ADA,0.00944998,
149547063,6/16/2021 3:33,Spot,Super BNB Mining,ATA,0.00605121,
149547063,6/16/2021 8:29,Spot,Savings Interest,BNB,0.00000197,
149547063,6/16/2021 8:35,Spot,Savings Interest,BTC,4.10E-07,
149547063,6/16/2021 8:37,Spot,ETH 2.0 Staking Rewards,BETH,1.00E-08,
149547063,6/17/2021 1:01,Spot,POS savings interest,ADA,0.0128052,
149547063,6/17/2021 1:08,Spot,POS savings interest,ADA,0.00944998,
149547063,6/17/2021 4:55,Spot,Savings Interest,BNB,0.00000197,
149547063,6/17/2021 5:00,Spot,Savings Interest,BTC,4.10E-07,
149547063,6/17/2021 5:54,Spot,Super BNB Mining,ATA,0.00609412,
149547063,6/17/2021 12:32,Spot,ETH 2.0 Staking Rewards,BETH,1.00E-08,
149547063,6/18/2021 1:01,Spot,POS savings interest,ADA,0.0128052,
149547063,6/18/2021 1:09,Spot,POS savings interest,ADA,0.00944998,
149547063,6/18/2021 2:41,Spot,Savings Interest,BTC,4.10E-07,
149547063,6/18/2021 2:42,Spot,Savings Interest,BNB,0.00000197,
149547063,6/18/2021 3:09,Spot,Super BNB Mining,ATA,0.00612226,
149547063,6/18/2021 10:15,Spot,ETH 2.0 Staking Rewards,BETH,1.00E-08,
149547063,6/19/2021 1:00,Spot,POS savings interest,ADA,0.0128052,
149547063,6/19/2021 1:07,Spot,POS savings interest,ADA,0.00944998,
149547063,6/19/2021 2:17,Spot,Super BNB Mining,ATA,0.00613302,
149547063,6/19/2021 3:02,Spot,Savings Interest,BNB,0.00000197,
149547063,6/19/2021 3:02,Spot,Savings Interest,BTC,4.10E-07,
149547063,6/19/2021 8:32,Spot,ETH 2.0 Staking Rewards,BETH,1.00E-08,
149547063,6/20/2021 1:01,Spot,POS savings interest,ADA,0.0128052,
149547063,6/20/2021 1:09,Spot,POS savings interest,ADA,0.00944998,
149547063,6/20/2021 2:16,Spot,Super BNB Mining,ATA,0.0061519,
149547063,6/20/2021 3:01,Spot,Savings Interest,BTC,4.10E-07,
149547063,6/20/2021 3:01,Spot,Savings Interest,BNB,0.00000197,
149547063,6/20/2021 14:37,Spot,ETH 2.0 Staking Rewards,BETH,1.00E-08,
149547063,6/21/2021 0:54,Spot,POS savings interest,ADA,0.0128052,
149547063,6/21/2021 1:02,Spot,POS savings interest,ADA,0.00944998,
149547063,6/21/2021 2:35,Spot,Super BNB Mining,ATA,0.00607364,
149547063,6/21/2021 3:00,Spot,Savings Interest,BNB,0.00000197,
149547063,6/21/2021 3:01,Spot,Savings Interest,BTC,4.10E-07,
149547063,6/21/2021 10:15,Spot,ETH 2.0 Staking Rewards,BETH,1.00E-08,
149547063,6/22/2021 1:02,Spot,POS savings interest,ADA,0.0128052,
149547063,6/22/2021 1:10,Spot,POS savings interest,ADA,0.00944998,
149547063,6/22/2021 2:33,Spot,Savings Interest,BNB,0.00000197,
149547063,6/22/2021 2:42,Spot,Savings Interest,BTC,4.10E-07,
149547063,6/22/2021 2:43,Spot,Super BNB Mining,ATA,0.00612206,
149547063,6/22/2021 8:22,Spot,ETH 2.0 Staking Rewards,BETH,1.00E-08,
149547063,6/23/2021 1:00,Spot,POS savings interest,ADA,0.0128052,
149547063,6/23/2021 1:07,Spot,POS savings interest,ADA,0.00944998,
149547063,6/23/2021 2:50,Spot,Super BNB Mining,ATA,0.00620026,
149547063,6/23/2021 2:58,Spot,Savings Interest,BNB,0.00000197,
149547063,6/23/2021 3:09,Spot,Savings Interest,BTC,4.10E-07,
149547063,6/23/2021 8:31,Spot,ETH 2.0 Staking Rewards,BETH,1.00E-08,
149547063,6/24/2021 0:59,Spot,POS savings interest,ADA,0.0128052,
149547063,6/24/2021 1:08,Spot,POS savings interest,ADA,0.00944998,
149547063,6/24/2021 2:51,Spot,Super BNB Mining,ATA,0.0061965,
149547063,6/24/2021 3:00,Spot,Savings Interest,BNB,0.00000197,
149547063,6/24/2021 3:11,Spot,Savings Interest,BTC,3.20E-07,
149547063,6/24/2021 8:25,Spot,ETH 2.0 Staking Rewards,BETH,1.00E-08,
149547063,6/25/2021 0:59,Spot,POS savings interest,ADA,0.0128052,
149547063,6/25/2021 1:07,Spot,POS savings interest,ADA,0.00944998,
149547063,6/25/2021 2:26,Spot,Super BNB Mining,ATA,0.00430051,
149547063,6/25/2021 3:01,Spot,Savings Interest,BNB,0.00000197,
149547063,6/25/2021 3:13,Spot,Savings Interest,BTC,2.70E-07,
149547063,6/25/2021 8:17,Spot,ETH 2.0 Staking Rewards,BETH,1.00E-08,
149547063,6/26/2021 1:00,Spot,POS savings interest,ADA,0.0128052,
149547063,6/26/2021 1:08,Spot,POS savings interest,ADA,0.00944998,
149547063,6/26/2021 2:56,Spot,Super BNB Mining,ATA,0.00435247,
149547063,6/26/2021 3:07,Spot,Savings Interest,BNB,0.00000197,
149547063,6/26/2021 3:19,Spot,Savings Interest,BTC,2.70E-07,
149547063,6/26/2021 6:22,Spot,Super BNB Mining,KLAY,0.00108107,
149547063,6/26/2021 6:45,Spot,ETH 2.0 Staking,BETH,0.0202,
149547063,6/26/2021 6:45,Spot,ETH 2.0 Staking,ETH,-0.0202,
149547063,6/26/2021 6:50,Spot,Sell,BETH,-0.0202,
149547063,6/26/2021 6:50,Spot,Referral Kickback,ETH,0.00000386,
149547063,6/26/2021 6:50,Spot,Sell,ETH,0.0193112,
149547063,6/26/2021 6:50,Spot,Fee,ETH,-0.00001931,
149547063,6/26/2021 6:52,Spot,Sell,BTC,0.00108115,
149547063,6/26/2021 6:52,Spot,Referral Kickback,BTC,2.20E-07,
149547063,6/26/2021 6:52,Spot,Fee,BTC,-0.00000108,
149547063,6/26/2021 6:52,Spot,Sell,ETH,-0.019,
149547063,6/26/2021 6:53,Spot,Savings purchase,BTC,-0.00108537,
149547063,6/26/2021 8:13,Spot,ETH 2.0 Staking Rewards,BETH,1.00E-08,
149547063,6/27/2021 0:58,Spot,POS savings interest,ADA,0.0128052,
149547063,6/27/2021 1:07,Spot,POS savings interest,ADA,0.00944998,
149547063,6/27/2021 2:28,Spot,Super BNB Mining,ATA,0.00473651,
149547063,6/27/2021 2:37,Spot,Savings Interest,BTC,2.70E-07,
149547063,6/27/2021 3:02,Spot,Savings Interest,BNB,0.00000197,
149547063,6/27/2021 5:58,Spot,Super BNB Mining,KLAY,0.00108328,
149547063,6/27/2021 8:08,Spot,ETH 2.0 Staking Rewards,BETH,1.00E-08,
149547063,6/28/2021 0:58,Spot,POS savings interest,ADA,0.0128052,
149547063,6/28/2021 1:06,Spot,POS savings interest,ADA,0.00944998,
149547063,6/28/2021 2:37,Spot,Savings Interest,BTC,2.90E-07,
149547063,6/28/2021 3:03,Spot,Savings Interest,BNB,0.00000197,
149547063,6/28/2021 3:20,Spot,Super BNB Mining,ATA,0.00470894,
149547063,6/28/2021 6:19,Spot,Super BNB Mining,KLAY,0.00109239,
149547063,6/28/2021 8:29,Spot,ETH 2.0 Staking Rewards,BETH,1.00E-08,
149547063,6/29/2021 0:58,Spot,POS savings interest,ADA,0.0128052,
149547063,6/29/2021 1:06,Spot,POS savings interest,ADA,0.00944998,
149547063,6/29/2021 2:17,Spot,Super BNB Mining,ATA,0.00468177,
149547063,6/29/2021 2:47,Spot,Savings Interest,BNB,0.00000197,
149547063,6/29/2021 4:28,Spot,Savings Interest,BTC,2.90E-07,
149547063,6/29/2021 4:53,Spot,Super BNB Mining,KLAY,0.00110616,
149547063,6/29/2021 8:12,Spot,ETH 2.0 Staking Rewards,BETH,1.00E-08,
149547063,6/30/2021 0:58,Spot,POS savings interest,ADA,0.0128052,
149547063,6/30/2021 1:07,Spot,POS savings interest,ADA,0.00944998,
149547063,6/30/2021 1:59,Spot,Savings Interest,BNB,0.00000197,
149547063,6/30/2021 2:08,Spot,Super BNB Mining,ATA,0.00468007,
149547063,6/30/2021 2:21,Spot,Savings Interest,BTC,2.90E-07,
149547063,6/30/2021 5:36,Spot,Super BNB Mining,KLAY,0.00111849,
149547063,6/30/2021 8:21,Spot,ETH 2.0 Staking Rewards,BETH,1.00E-08,
149547063,7/1/2021 0:56,Spot,POS savings interest,ADA,0.0128052,
149547063,7/1/2021 1:05,Spot,POS savings interest,ADA,0.00944998,
149547063,7/1/2021 1:56,Spot,Super BNB Mining,ATA,0.004714,
149547063,7/1/2021 2:17,Spot,Savings Interest,BNB,0.00000197,
149547063,7/1/2021 2:41,Spot,Savings Interest,BTC,2.90E-07,
149547063,7/1/2021 4:36,Spot,Super BNB Mining,KLAY,0.00111305,
149547063,7/1/2021 8:24,Spot,ETH 2.0 Staking Rewards,BETH,1.00E-08,
149547063,7/2/2021 0:54,Spot,POS savings interest,ADA,0.0128052,
149547063,7/2/2021 1:03,Spot,POS savings interest,ADA,0.00944998,
149547063,7/2/2021 1:36,Spot,Super BNB Mining,ATA,0.00479811,
149547063,7/2/2021 2:18,Spot,Savings Interest,BNB,0.00000197,
149547063,7/2/2021 2:41,Spot,Savings Interest,BTC,2.90E-07,
149547063,7/2/2021 3:21,Spot,Super BNB Mining,KLAY,0.00110972,
149547063,7/2/2021 8:12,Spot,ETH 2.0 Staking Rewards,BETH,1.00E-08,
149547063,7/3/2021 0:51,Spot,POS savings interest,ADA,0.0128052,
149547063,7/3/2021 1:00,Spot,POS savings interest,ADA,0.00944998,
149547063,7/3/2021 1:36,Spot,Super BNB Mining,KLAY,0.00103234,
149547063,7/3/2021 2:17,Spot,Savings Interest,BNB,0.00000197,
149547063,7/3/2021 2:36,Spot,Savings Interest,BTC,2.90E-07,
149547063,7/3/2021 8:23,Spot,ETH 2.0 Staking Rewards,BETH,1.00E-08,
149547063,7/4/2021 0:51,Spot,POS savings interest,ADA,0.0128052,
149547063,7/4/2021 0:59,Spot,POS savings interest,ADA,0.00944998,
149547063,7/4/2021 1:37,Spot,Super BNB Mining,KLAY,0.00096711,
149547063,7/4/2021 2:17,Spot,Savings Interest,BNB,0.00000197,
149547063,7/4/2021 2:37,Spot,Savings Interest,BTC,2.90E-07,
149547063,7/4/2021 8:16,Spot,ETH 2.0 Staking Rewards,BETH,1.00E-08,
149547063,7/5/2021 0:49,Spot,POS savings interest,ADA,0.0128052,
149547063,7/5/2021 0:59,Spot,POS savings interest,ADA,0.00944998,
149547063,7/5/2021 1:37,Spot,Super BNB Mining,KLAY,0.00096175,
149547063,7/5/2021 2:18,Spot,Savings Interest,BNB,0.00000197,
149547063,7/5/2021 2:38,Spot,Savings Interest,BTC,2.90E-07,
149547063,7/5/2021 8:09,Spot,ETH 2.0 Staking Rewards,BETH,1.00E-08,
149547063,7/6/2021 1:19,Spot,POS savings interest,ADA,0.0128052,
149547063,7/6/2021 1:28,Spot,POS savings interest,ADA,0.00944998,
149547063,7/6/2021 1:46,Spot,Super BNB Mining,KLAY,0.0009665,
149547063,7/6/2021 2:19,Spot,Savings Interest,BNB,0.00000197,
149547063,7/6/2021 2:44,Spot,Savings Interest,BTC,2.90E-07,
149547063,7/6/2021 8:20,Spot,ETH 2.0 Staking Rewards,BETH,1.00E-08,
149547063,7/7/2021 1:17,Spot,POS savings interest,ADA,0.0128052,
149547063,7/7/2021 1:27,Spot,POS savings interest,ADA,0.00944998,
149547063,7/7/2021 2:00,Spot,Super BNB Mining,KLAY,0.00096909,
149547063,7/7/2021 2:20,Spot,Savings Interest,BNB,0.00000197,
149547063,7/7/2021 2:44,Spot,Savings Interest,BTC,2.90E-07,
149547063,7/7/2021 8:31,Spot,ETH 2.0 Staking Rewards,BETH,1.00E-08,
149547063,7/8/2021 1:16,Spot,POS savings interest,ADA,0.0128052,
149547063,7/8/2021 1:25,Spot,POS savings interest,ADA,0.00944998,
149547063,7/8/2021 1:50,Spot,Super BNB Mining,KLAY,0.00096965,
149547063,7/8/2021 2:20,Spot,Savings Interest,BNB,0.00000197,
149547063,7/8/2021 2:43,Spot,Savings Interest,BTC,2.90E-07,
149547063,7/8/2021 8:17,Spot,ETH 2.0 Staking Rewards,BETH,1.00E-08,
149547063,7/9/2021 1:15,Spot,POS savings interest,ADA,0.0128052,
149547063,7/9/2021 1:25,Spot,POS savings interest,ADA,0.00944998,
149547063,7/9/2021 2:03,Spot,Super BNB Mining,KLAY,0.00097184,
149547063,7/9/2021 3:59,Spot,Savings Interest,BNB,0.00000197,
149547063,7/9/2021 4:19,Spot,Savings Interest,BTC,2.90E-07,
149547063,7/9/2021 8:08,Spot,ETH 2.0 Staking Rewards,BETH,1.00E-08,
149547063,7/10/2021 1:13,Spot,POS savings interest,ADA,0.0128052,
149547063,7/10/2021 1:22,Spot,POS savings interest,ADA,0.00944998,
149547063,7/10/2021 4:20,Spot,Savings Interest,BNB,0.00000197,
149547063,7/10/2021 4:39,Spot,Savings Interest,BTC,2.90E-07,
149547063,7/10/2021 8:18,Spot,ETH 2.0 Staking Rewards,BETH,1.00E-08,
149547063,7/11/2021 1:10,Spot,POS savings interest,ADA,0.0128052,
149547063,7/11/2021 1:19,Spot,POS savings interest,ADA,0.00944998,
149547063,7/11/2021 1:40,Spot,Savings Interest,BNB,0.00000197,
149547063,7/11/2021 2:00,Spot,Savings Interest,BTC,2.90E-07,
149547063,7/11/2021 8:35,Spot,ETH 2.0 Staking Rewards,BETH,1.00E-08,
149547063,7/12/2021 1:08,Spot,POS savings interest,ADA,0.0128052,
149547063,7/12/2021 1:18,Spot,POS savings interest,ADA,0.00944998,
149547063,7/12/2021 2:00,Spot,Savings Interest,BNB,0.00000197,
149547063,7/12/2021 2:19,Spot,Savings Interest,BTC,2.90E-07,
149547063,7/12/2021 8:30,Spot,ETH 2.0 Staking Rewards,BETH,1.00E-08,
149547063,7/13/2021 0:43,Spot,POS savings redemption,ADA,60,
149547063,7/13/2021 1:15,Spot,POS savings interest,ADA,0.00944998,
149547063,7/13/2021 3:59,Spot,Savings Interest,BNB,0.00000197,
149547063,7/13/2021 4:22,Spot,Savings Interest,BTC,2.90E-07,
149547063,7/13/2021 8:34,Spot,ETH 2.0 Staking Rewards,BETH,1.00E-08,
149547063,7/14/2021 0:55,Spot,POS savings interest,ADA,0.00944998,
149547063,7/14/2021 1:39,Spot,Savings Interest,BNB,0.00000197,
149547063,7/14/2021 2:00,Spot,Savings Interest,BTC,2.90E-07,
149547063,7/14/2021 8:13,Spot,ETH 2.0 Staking Rewards,BETH,1.00E-08,
149547063,7/15/2021 0:52,Spot,POS savings interest,ADA,0.00944998,
149547063,7/15/2021 1:40,Spot,Savings Interest,BNB,0.00000197,
149547063,7/15/2021 1:59,Spot,Savings Interest,BTC,2.90E-07,
149547063,7/15/2021 8:19,Spot,ETH 2.0 Staking Rewards,BETH,1.00E-08,
149547063,7/16/2021 0:48,Spot,POS savings interest,ADA,0.00944998,
149547063,7/16/2021 1:39,Spot,Savings Interest,BNB,0.00000102,
149547063,7/16/2021 1:57,Spot,Savings Interest,BTC,1.80E-07,
149547063,7/16/2021 8:35,Spot,ETH 2.0 Staking Rewards,BETH,1.00E-08,
149547063,7/17/2021 0:45,Spot,POS savings redemption,ADA,44.2788117,
149547063,7/17/2021 1:38,Spot,Savings Interest,BNB,0.00000102,
149547063,7/17/2021 1:57,Spot,Savings Interest,BTC,1.80E-07,
149547063,7/17/2021 8:39,Spot,ETH 2.0 Staking Rewards,BETH,1.00E-08,
149547063,7/18/2021 1:38,Spot,Savings Interest,BNB,0.00000102,
149547063,7/18/2021 1:59,Spot,Savings Interest,BTC,1.80E-07,
149547063,7/18/2021 8:32,Spot,ETH 2.0 Staking Rewards,BETH,1.00E-08,
149547063,7/19/2021 1:39,Spot,Savings Interest,BNB,0.00000102,
149547063,7/19/2021 1:58,Spot,Savings Interest,BTC,1.80E-07,
149547063,7/19/2021 8:26,Spot,ETH 2.0 Staking Rewards,BETH,1.00E-08,
149547063,7/20/2021 2:05,Spot,Savings Interest,BNB,0.00000102,
149547063,7/20/2021 2:09,Spot,Savings Interest,BTC,1.80E-07,
149547063,7/20/2021 8:20,Spot,ETH 2.0 Staking Rewards,BETH,1.00E-08,
149547063,7/21/2021 3:12,Spot,Savings Interest,BNB,0.00000102,
149547063,7/21/2021 3:16,Spot,Savings Interest,BTC,1.80E-07,
149547063,7/21/2021 8:25,Spot,ETH 2.0 Staking Rewards,BETH,1.00E-08,
149547063,7/22/2021 1:36,Spot,Savings Interest,BNB,0.00000102,
149547063,7/22/2021 1:41,Spot,Savings Interest,BTC,1.80E-07,
149547063,7/22/2021 9:15,Spot,ETH 2.0 Staking Rewards,BETH,1.00E-08,
149547063,7/23/2021 2:00,Spot,Savings Interest,BNB,0.00000102,
149547063,7/23/2021 2:03,Spot,Savings Interest,BTC,1.80E-07,
149547063,7/23/2021 10:58,Spot,ETH 2.0 Staking Rewards,BETH,1.00E-08,
149547063,7/24/2021 1:52,Spot,Savings Interest,BNB,0.00000102,
149547063,7/24/2021 1:55,Spot,Savings Interest,BTC,1.80E-07,
149547063,7/24/2021 9:15,Spot,ETH 2.0 Staking Rewards,BETH,1.00E-08,
149547063,7/25/2021 2:35,Spot,Savings Interest,BNB,0.00000102,
149547063,7/25/2021 2:41,Spot,Savings Interest,BTC,1.80E-07,
149547063,7/25/2021 8:52,Spot,ETH 2.0 Staking Rewards,BETH,1.00E-08,
149547063,7/26/2021 1:33,Spot,Savings Interest,BNB,0.00000102,
149547063,7/26/2021 1:38,Spot,Savings Interest,BTC,1.80E-07,
149547063,7/26/2021 12:23,Spot,ETH 2.0 Staking Rewards,BETH,1.00E-08,
149547063,7/27/2021 1:31,Spot,Savings Interest,BNB,0.00000102,
149547063,7/27/2021 1:38,Spot,Savings Interest,BTC,1.80E-07,
149547063,7/27/2021 8:37,Spot,ETH 2.0 Staking Rewards,BETH,1.00E-08,
149547063,7/28/2021 1:53,Spot,Savings Interest,BNB,0.00000102,
149547063,7/28/2021 1:59,Spot,Savings Interest,BTC,1.80E-07,
149547063,7/28/2021 8:35,Spot,ETH 2.0 Staking Rewards,BETH,1.00E-08,
149547063,7/29/2021 1:53,Spot,Savings Interest,BNB,0.00000102,
149547063,7/29/2021 1:58,Spot,Savings Interest,BTC,1.80E-07,
149547063,7/29/2021 8:40,Spot,ETH 2.0 Staking Rewards,BETH,1.00E-08,
149547063,7/30/2021 1:54,Spot,Savings Interest,BNB,0.00000102,
149547063,7/30/2021 1:59,Spot,Savings Interest,BTC,1.80E-07,
149547063,7/30/2021 9:00,Spot,ETH 2.0 Staking Rewards,BETH,1.00E-08,
149547063,7/31/2021 1:52,Spot,Savings Interest,BNB,0.00000102,
149547063,7/31/2021 1:57,Spot,Savings Interest,BTC,1.80E-07,
149547063,7/31/2021 8:53,Spot,ETH 2.0 Staking Rewards,BETH,1.00E-08,
149547063,8/1/2021 1:53,Spot,Savings Interest,BNB,0.00000102,
149547063,8/1/2021 1:57,Spot,Savings Interest,BTC,1.80E-07,
149547063,8/1/2021 8:44,Spot,ETH 2.0 Staking Rewards,BETH,1.00E-08,
149547063,8/2/2021 1:52,Spot,Savings Interest,BNB,0.00000102,
149547063,8/2/2021 1:57,Spot,Savings Interest,BTC,1.80E-07,
149547063,8/2/2021 8:48,Spot,ETH 2.0 Staking Rewards,BETH,1.00E-08,
149547063,8/3/2021 4:52,Spot,Savings Interest,BNB,0.00000102,
149547063,8/3/2021 4:56,Spot,Savings Interest,BTC,1.80E-07,
149547063,8/3/2021 8:56,Spot,ETH 2.0 Staking Rewards,BETH,1.00E-08,
149547063,8/4/2021 1:51,Spot,Savings Interest,BNB,0.00000102,
149547063,8/4/2021 1:55,Spot,Savings Interest,BTC,1.80E-07,
149547063,8/4/2021 8:33,Spot,ETH 2.0 Staking Rewards,BETH,1.00E-08,
149547063,8/5/2021 1:52,Spot,Savings Interest,BNB,0.00000102,
149547063,8/5/2021 1:56,Spot,Savings Interest,BTC,1.80E-07,
149547063,8/5/2021 8:44,Spot,ETH 2.0 Staking Rewards,BETH,1.00E-08,
149547063,8/5/2021 19:29,Spot,Savings purchase,ADA,-105.5757069,
149547063,8/6/2021 1:52,Spot,Savings Interest,BNB,0.00000102,
149547063,8/6/2021 1:56,Spot,Savings Interest,BTC,1.80E-07,
149547063,8/6/2021 9:22,Spot,ETH 2.0 Staking Rewards,BETH,1.00E-08,
149547063,8/7/2021 1:09,Spot,Savings Interest,ADA,0.00139465,
149547063,8/7/2021 1:13,Spot,Savings Interest,BNB,0.00000102,
149547063,8/7/2021 1:18,Spot,Savings Interest,BTC,1.80E-07,
149547063,8/7/2021 8:45,Spot,ETH 2.0 Staking Rewards,BETH,1.00E-08,
149547063,8/8/2021 1:49,Spot,Savings Interest,ADA,0.00139465,
149547063,8/8/2021 1:52,Spot,Savings Interest,BNB,0.00000102,
149547063,8/8/2021 1:56,Spot,Savings Interest,BTC,1.80E-07,
149547063,8/8/2021 8:53,Spot,ETH 2.0 Staking Rewards,BETH,1.00E-08,
149547063,8/9/2021 1:49,Spot,Savings Interest,ADA,0.00139465,
149547063,8/9/2021 1:52,Spot,Savings Interest,BNB,0.00000102,
149547063,8/9/2021 1:57,Spot,Savings Interest,BTC,1.80E-07,
149547063,8/9/2021 8:51,Spot,ETH 2.0 Staking Rewards,BETH,1.00E-08,
149547063,8/10/2021 1:49,Spot,Savings Interest,ADA,0.00139465,
149547063,8/10/2021 1:52,Spot,Savings Interest,BNB,0.00000102,
149547063,8/10/2021 1:56,Spot,Savings Interest,BTC,1.80E-07,
149547063,8/10/2021 9:25,Spot,ETH 2.0 Staking Rewards,BETH,1.00E-08,
149547063,8/11/2021 1:49,Spot,Savings Interest,ADA,0.00139465,
149547063,8/11/2021 1:52,Spot,Savings Interest,BNB,0.00000102,
149547063,8/11/2021 1:56,Spot,Savings Interest,BTC,1.80E-07,
149547063,8/11/2021 8:39,Spot,ETH 2.0 Staking Rewards,BETH,1.00E-08,
149547063,8/12/2021 1:49,Spot,Savings Interest,ADA,0.00139465,
149547063,8/12/2021 1:52,Spot,Savings Interest,BNB,0.00000102,
149547063,8/12/2021 1:57,Spot,Savings Interest,BTC,1.80E-07,
149547063,8/12/2021 8:52,Spot,ETH 2.0 Staking Rewards,BETH,1.00E-08,
149547063,8/13/2021 6:48,Spot,Savings Interest,ADA,0.00139465,
149547063,8/13/2021 6:51,Spot,Savings Interest,BNB,0.00000102,
149547063,8/13/2021 6:56,Spot,Savings Interest,BTC,1.80E-07,
149547063,8/13/2021 9:01,Spot,ETH 2.0 Staking Rewards,BETH,1.00E-08,
149547063,8/14/2021 1:07,Spot,Savings Interest,ADA,0.00139465,
149547063,8/14/2021 1:09,Spot,Savings Interest,BNB,0.00000102,
149547063,8/14/2021 1:11,Spot,Savings Interest,BTC,1.80E-07,
149547063,8/14/2021 8:51,Spot,ETH 2.0 Staking Rewards,BETH,1.00E-08,
149547063,8/15/2021 1:47,Spot,Savings Interest,ADA,0.00139465,
149547063,8/15/2021 1:49,Spot,Savings Interest,BNB,0.00000102,
149547063,8/15/2021 1:52,Spot,Savings Interest,BTC,1.80E-07,
149547063,8/15/2021 8:34,Spot,ETH 2.0 Staking Rewards,BETH,1.00E-08,
149547063,8/16/2021 1:07,Spot,Savings Interest,ADA,0.00139465,
149547063,8/16/2021 1:09,Spot,Savings Interest,BNB,0.00000102,
149547063,8/16/2021 1:11,Spot,Savings Interest,BTC,1.80E-07,
149547063,8/16/2021 8:47,Spot,ETH 2.0 Staking Rewards,BETH,1.00E-08,
149547063,8/17/2021 1:47,Spot,Savings Interest,ADA,0.00139465,
149547063,8/17/2021 1:49,Spot,Savings Interest,BNB,0.00000102,
149547063,8/17/2021 1:52,Spot,Savings Interest,BTC,1.80E-07,
149547063,8/17/2021 9:08,Spot,ETH 2.0 Staking Rewards,BETH,1.00E-08,
149547063,8/18/2021 1:47,Spot,Savings Interest,ADA,0.00139465,
149547063,8/18/2021 1:49,Spot,Savings Interest,BNB,0.00000102,
149547063,8/18/2021 1:51,Spot,Savings Interest,BTC,1.80E-07,
149547063,8/18/2021 8:31,Spot,ETH 2.0 Staking Rewards,BETH,1.00E-08,
149547063,8/19/2021 1:47,Spot,Savings Interest,ADA,0.00139465,
149547063,8/19/2021 1:49,Spot,Savings Interest,BNB,0.00000102,
149547063,8/19/2021 1:51,Spot,Savings Interest,BTC,1.80E-07,
149547063,8/19/2021 16:56,Spot,ETH 2.0 Staking Rewards,BETH,1.00E-08,
149547063,8/20/2021 1:47,Spot,Savings Interest,ADA,0.00139465,
149547063,8/20/2021 1:49,Spot,Savings Interest,BNB,0.00000102,
149547063,8/20/2021 1:51,Spot,Savings Interest,BTC,1.80E-07,
149547063,8/20/2021 9:09,Spot,ETH 2.0 Staking Rewards,BETH,1.00E-08,
149547063,8/21/2021 1:47,Spot,Savings Interest,ADA,0.00139465,
149547063,8/21/2021 1:49,Spot,Savings Interest,BNB,0.00000102,
149547063,8/21/2021 1:52,Spot,Savings Interest,BTC,1.80E-07,
149547063,8/21/2021 2:54,Spot,Super BNB Mining,MBOX,0.00114824,
149547063,8/21/2021 13:50,Spot,ETH 2.0 Staking Rewards,BETH,1.00E-08,
149547063,8/22/2021 1:47,Spot,Savings Interest,ADA,0.00139465,
149547063,8/22/2021 1:49,Spot,Savings Interest,BNB,0.00000102,
149547063,8/22/2021 1:52,Spot,Savings Interest,BTC,1.80E-07,
149547063,8/22/2021 2:54,Spot,Super BNB Mining,MBOX,0.00111656,
149547063,8/22/2021 8:33,Spot,ETH 2.0 Staking Rewards,BETH,1.00E-08,
149547063,8/23/2021 2:07,Spot,Savings Interest,ADA,0.00139465,
149547063,8/23/2021 2:09,Spot,Savings Interest,BNB,0.00000102,
149547063,8/23/2021 2:12,Spot,Savings Interest,BTC,1.80E-07,
149547063,8/23/2021 3:20,Spot,Super BNB Mining,MBOX,0.00108703,
149547063,8/23/2021 9:20,Spot,ETH 2.0 Staking Rewards,BETH,1.00E-08,
149547063,8/24/2021 2:48,Spot,Savings Interest,ADA,0.00139465,
149547063,8/24/2021 2:51,Spot,Savings Interest,BNB,0.00000102,
149547063,8/24/2021 2:54,Spot,Savings Interest,BTC,1.80E-07,
149547063,8/24/2021 3:56,Spot,Super BNB Mining,MBOX,0.00108024,
149547063,8/24/2021 10:14,Spot,ETH 2.0 Staking Rewards,BETH,1.00E-08,
149547063,8/25/2021 2:33,Spot,Savings Interest,ADA,0.00139465,
149547063,8/25/2021 2:36,Spot,Savings Interest,BNB,0.00000102,
149547063,8/25/2021 2:39,Spot,Savings Interest,BTC,1.80E-07,
149547063,8/25/2021 4:04,Spot,Super BNB Mining,MBOX,0.00106839,
149547063,8/25/2021 9:08,Spot,ETH 2.0 Staking Rewards,BETH,1.00E-08,
149547063,8/26/2021 2:02,Spot,Savings Interest,ADA,0.00139465,
149547063,8/26/2021 2:04,Spot,Savings Interest,BNB,0.00000102,
149547063,8/26/2021 2:07,Spot,Savings Interest,BTC,1.80E-07,
149547063,8/26/2021 3:08,Spot,Super BNB Mining,MBOX,0.00106301,
149547063,8/26/2021 8:35,Spot,ETH 2.0 Staking Rewards,BETH,1.00E-08,
149547063,8/27/2021 1:32,Spot,Savings Interest,ADA,0.00139465,
149547063,8/27/2021 1:34,Spot,Savings Interest,BNB,0.00000102,
149547063,8/27/2021 1:37,Spot,Savings Interest,BTC,1.80E-07,
149547063,8/27/2021 3:04,Spot,Super BNB Mining,MBOX,0.00105441,
149547063,8/27/2021 9:02,Spot,ETH 2.0 Staking Rewards,BETH,1.00E-08,
149547063,8/28/2021 1:33,Spot,Savings Interest,ADA,0.00139465,
149547063,8/28/2021 1:35,Spot,Savings Interest,BNB,0.00000102,
149547063,8/28/2021 1:38,Spot,Savings Interest,BTC,1.80E-07,
149547063,8/28/2021 2:57,Spot,Super BNB Mining,MBOX,0.0010454,
149547063,8/28/2021 9:00,Spot,ETH 2.0 Staking Rewards,BETH,1.00E-08,
149547063,8/29/2021 1:33,Spot,Savings Interest,ADA,0.00139465,
149547063,8/29/2021 1:35,Spot,Savings Interest,BNB,0.00000102,
149547063,8/29/2021 1:39,Spot,Savings Interest,BTC,1.80E-07,
149547063,8/29/2021 2:58,Spot,Super BNB Mining,MBOX,0.00103916,
149547063,8/29/2021 8:37,Spot,ETH 2.0 Staking Rewards,BETH,1.00E-08,
149547063,8/30/2021 2:03,Spot,Savings Interest,ADA,0.00139465,
149547063,8/30/2021 2:05,Spot,Savings Interest,BNB,0.00000102,
149547063,8/30/2021 2:09,Spot,Savings Interest,BTC,1.80E-07,
149547063,8/30/2021 3:24,Spot,Super BNB Mining,MBOX,0.00103183,
149547063,8/30/2021 8:48,Spot,ETH 2.0 Staking Rewards,BETH,1.00E-08,
149547063,8/31/2021 2:03,Spot,Savings Interest,ADA,0.00139465,
149547063,8/31/2021 2:05,Spot,Savings Interest,BNB,0.00000102,
149547063,8/31/2021 2:09,Spot,Savings Interest,BTC,1.80E-07,
149547063,8/31/2021 3:09,Spot,Super BNB Mining,MBOX,0.00102404,
149547063,8/31/2021 9:06,Spot,ETH 2.0 Staking Rewards,BETH,1.00E-08,
149547063,9/1/2021 2:03,Spot,Savings Interest,ADA,0.00139465,
149547063,9/1/2021 2:06,Spot,Savings Interest,BNB,0.00000102,
149547063,9/1/2021 2:09,Spot,Savings Interest,BTC,1.80E-07,
149547063,9/1/2021 3:21,Spot,Super BNB Mining,MBOX,0.0010149,
149547063,9/1/2021 8:37,Spot,ETH 2.0 Staking Rewards,BETH,1.00E-08,
149547063,9/2/2021 2:04,Spot,Super BNB Mining,MBOX,0.00101203,
149547063,9/2/2021 7:00,Spot,Savings Interest,ADA,0.00139465,
149547063,9/2/2021 7:19,Spot,Savings Interest,BNB,0.00000102,
149547063,9/2/2021 7:32,Spot,Savings Interest,BTC,1.80E-07,
149547063,9/2/2021 8:45,Spot,ETH 2.0 Staking Rewards,BETH,1.00E-08,
149547063,9/3/2021 2:06,Spot,Super BNB Mining,MBOX,0.00100936,
149547063,9/3/2021 2:44,Spot,Savings Interest,ADA,0.00139465,
149547063,9/3/2021 3:16,Spot,Savings Interest,BNB,0.00000102,
149547063,9/3/2021 3:35,Spot,Savings Interest,BTC,1.80E-07,
149547063,9/3/2021 14:00,Spot,ETH 2.0 Staking Rewards,BETH,1.00E-08,
149547063,9/4/2021 2:02,Spot,Savings Interest,ADA,0.00139465,
149547063,9/4/2021 2:09,Spot,Super BNB Mining,MBOX,0.00100181,
149547063,9/4/2021 2:22,Spot,Savings Interest,BNB,0.00000102,
149547063,9/4/2021 2:40,Spot,Savings Interest,BTC,1.80E-07,
149547063,9/4/2021 9:06,Spot,ETH 2.0 Staking Rewards,BETH,1.00E-08,
149547063,9/5/2021 2:02,Spot,Savings Interest,ADA,0.00139465,
149547063,9/5/2021 2:23,Spot,Savings Interest,BNB,0.00000102,
149547063,9/5/2021 2:23,Spot,Super BNB Mining,MBOX,0.0009977,
149547063,9/5/2021 2:40,Spot,Savings Interest,BTC,1.80E-07,
149547063,9/5/2021 8:59,Spot,ETH 2.0 Staking Rewards,BETH,1.00E-08,
149547063,9/6/2021 2:02,Spot,Savings Interest,ADA,0.00139465,
149547063,9/6/2021 2:09,Spot,Super BNB Mining,MBOX,0.00099484,
149547063,9/6/2021 2:22,Spot,Savings Interest,BNB,0.00000102,
149547063,9/6/2021 2:40,Spot,Savings Interest,BTC,1.80E-07,
149547063,9/6/2021 8:38,Spot,ETH 2.0 Staking Rewards,BETH,1.00E-08,
149547063,9/7/2021 2:02,Spot,Savings Interest,ADA,0.00139465,
149547063,9/7/2021 2:25,Spot,Savings Interest,BNB,0.00000102,
149547063,9/7/2021 2:39,Spot,Super BNB Mining,MBOX,0.00099318,
149547063,9/7/2021 2:44,Spot,Savings Interest,BTC,1.80E-07,
149547063,9/7/2021 8:45,Spot,ETH 2.0 Staking Rewards,BETH,1.00E-08,
149547063,9/8/2021 2:15,Spot,Super BNB Mining,MBOX,0.00098609,
149547063,9/8/2021 2:21,Spot,Savings Interest,ADA,0.00139465,
149547063,9/8/2021 2:24,Spot,Savings Interest,BNB,0.00000102,
149547063,9/8/2021 2:24,Spot,Savings Interest,BTC,1.80E-07,
149547063,9/8/2021 8:50,Spot,ETH 2.0 Staking Rewards,BETH,1.00E-08,
149547063,9/9/2021 2:03,Spot,Savings Interest,ADA,0.00139465,
149547063,9/9/2021 2:06,Spot,Savings Interest,BNB,0.00000102,
149547063,9/9/2021 2:10,Spot,Savings Interest,BTC,1.80E-07,
149547063,9/9/2021 3:10,Spot,Super BNB Mining,MBOX,0.00098211,
149547063,9/9/2021 9:05,Spot,ETH 2.0 Staking Rewards,BETH,1.00E-08,
149547063,9/10/2021 2:04,Spot,Savings Interest,ADA,0.00139465,
149547063,9/10/2021 2:07,Spot,Savings Interest,BNB,0.00000102,
149547063,9/10/2021 2:11,Spot,Savings Interest,BTC,1.80E-07,
149547063,9/10/2021 3:36,Spot,Super BNB Mining,MBOX,0.00097888,
149547063,9/10/2021 9:10,Spot,ETH 2.0 Staking Rewards,BETH,1.00E-08,
149547063,9/11/2021 2:03,Spot,Savings Interest,ADA,0.00139465,
149547063,9/11/2021 2:06,Spot,Savings Interest,BNB,0.00000102,
149547063,9/11/2021 2:10,Spot,Savings Interest,BTC,1.80E-07,
149547063,9/11/2021 3:09,Spot,Super BNB Mining,MBOX,0.00097383,
149547063,9/11/2021 8:48,Spot,ETH 2.0 Staking Rewards,BETH,1.00E-08,
149547063,9/12/2021 2:01,Spot,Savings Interest,ADA,0.00139465,
149547063,9/12/2021 2:07,Spot,Savings Interest,BNB,0.00000102,
149547063,9/12/2021 2:10,Spot,Savings Interest,BTC,1.80E-07,
149547063,9/12/2021 2:30,Spot,Super BNB Mining,MBOX,0.00097477,
149547063,9/12/2021 8:39,Spot,ETH 2.0 Staking Rewards,BETH,1.00E-08,
149547063,9/13/2021 3:04,Spot,Savings Interest,ADA,0.00139465,
149547063,9/13/2021 3:08,Spot,Savings Interest,BNB,0.00000102,
149547063,9/13/2021 3:13,Spot,Savings Interest,BTC,1.80E-07,
149547063,9/13/2021 3:43,Spot,Super BNB Mining,MBOX,0.00097864,
149547063,9/13/2021 8:37,Spot,ETH 2.0 Staking Rewards,BETH,1.00E-08,
149547063,9/14/2021 2:03,Spot,Savings Interest,ADA,0.00139465,
149547063,9/14/2021 2:07,Spot,Savings Interest,BNB,0.00000102,
149547063,9/14/2021 2:10,Spot,Savings Interest,BTC,1.80E-07,
149547063,9/14/2021 3:23,Spot,Super BNB Mining,MBOX,0.00098799,
149547063,9/14/2021 8:53,Spot,ETH 2.0 Staking Rewards,BETH,1.00E-08,
149547063,9/15/2021 2:02,Spot,Savings Interest,ADA,0.00139465,
149547063,9/15/2021 2:07,Spot,Savings Interest,BNB,0.00000102,
149547063,9/15/2021 2:10,Spot,Savings Interest,BTC,1.80E-07,
149547063,9/15/2021 3:24,Spot,Super BNB Mining,MBOX,0.00098982,
149547063,9/15/2021 8:39,Spot,ETH 2.0 Staking Rewards,BETH,1.00E-08,
149547063,9/16/2021 2:03,Spot,Savings Interest,ADA,0.00139465,
149547063,9/16/2021 2:07,Spot,Savings Interest,BNB,0.00000102,
149547063,9/16/2021 2:10,Spot,Savings Interest,BTC,1.80E-07,
149547063,9/16/2021 3:35,Spot,Super BNB Mining,MBOX,0.00098186,
149547063,9/16/2021 8:42,Spot,ETH 2.0 Staking Rewards,BETH,1.00E-08,
149547063,9/17/2021 3:00,Spot,Savings Interest,ADA,0.00139465,
149547063,9/17/2021 3:09,Spot,Savings Interest,BNB,0.00000102,
149547063,9/17/2021 3:18,Spot,Savings Interest,BTC,1.80E-07,
149547063,9/17/2021 3:53,Spot,Super BNB Mining,MBOX,0.00098015,
149547063,9/17/2021 8:39,Spot,ETH 2.0 Staking Rewards,BETH,1.00E-08,
149547063,9/18/2021 3:03,Spot,Savings Interest,ADA,0.00139465,
149547063,9/18/2021 3:09,Spot,Savings Interest,BNB,0.00000102,
149547063,9/18/2021 3:12,Spot,Savings Interest,BTC,1.80E-07,
149547063,9/18/2021 3:51,Spot,Super BNB Mining,MBOX,0.00097425,
149547063,9/18/2021 9:03,Spot,ETH 2.0 Staking Rewards,BETH,1.00E-08,
149547063,9/19/2021 2:03,Spot,Savings Interest,ADA,0.00139465,
149547063,9/19/2021 2:07,Spot,Savings Interest,BNB,0.00000102,
149547063,9/19/2021 2:10,Spot,Savings Interest,BTC,1.80E-07,
149547063,9/19/2021 3:20,Spot,Super BNB Mining,MBOX,0.0009743,
149547063,9/19/2021 8:50,Spot,ETH 2.0 Staking Rewards,BETH,1.00E-08,
149547063,9/20/2021 2:01,Spot,Savings Interest,ADA,0.00139465,
149547063,9/20/2021 2:08,Spot,Savings Interest,BTC,1.80E-07,
149547063,9/20/2021 2:09,Spot,Savings Interest,BNB,0.00000102,
149547063,9/20/2021 9:02,Spot,ETH 2.0 Staking Rewards,BETH,1.00E-08,
149547063,9/21/2021 2:03,Spot,Savings Interest,ADA,0.00139465,
149547063,9/21/2021 2:07,Spot,Savings Interest,BNB,0.00000102,
149547063,9/21/2021 2:10,Spot,Savings Interest,BTC,1.80E-07,
149547063,9/21/2021 9:00,Spot,ETH 2.0 Staking Rewards,BETH,1.00E-08,
149547063,9/22/2021 2:03,Spot,Savings Interest,ADA,0.00139465,
149547063,9/22/2021 2:06,Spot,Savings Interest,BNB,0.00000102,
149547063,9/22/2021 2:10,Spot,Savings Interest,BTC,1.80E-07,
149547063,9/22/2021 9:05,Spot,ETH 2.0 Staking Rewards,BETH,1.00E-08,
149547063,9/23/2021 2:02,Spot,Savings Interest,ADA,0.00139465,
149547063,9/23/2021 2:06,Spot,Savings Interest,BNB,0.00000102,
149547063,9/23/2021 2:07,Spot,Savings Interest,BTC,1.80E-07,
149547063,9/23/2021 8:38,Spot,ETH 2.0 Staking Rewards,BETH,1.00E-08,
149547063,9/24/2021 2:02,Spot,Savings Interest,ADA,0.00139465,
149547063,9/24/2021 2:07,Spot,Savings Interest,BNB,0.00000102,
149547063,9/24/2021 2:11,Spot,Savings Interest,BTC,1.80E-07,
149547063,9/24/2021 9:09,Spot,ETH 2.0 Staking Rewards,BETH,1.00E-08,
149547063,9/25/2021 2:04,Spot,Savings Interest,ADA,0.00139465,
149547063,9/25/2021 2:07,Spot,Savings Interest,BNB,0.00000102,
149547063,9/25/2021 2:11,Spot,Savings Interest,BTC,1.80E-07,
149547063,9/25/2021 8:54,Spot,ETH 2.0 Staking Rewards,BETH,1.00E-08,
149547063,9/26/2021 2:01,Spot,Savings Interest,ADA,0.00139465,
149547063,9/26/2021 2:06,Spot,Savings Interest,BNB,0.00000102,
149547063,9/26/2021 2:10,Spot,Savings Interest,BTC,1.80E-07,
149547063,9/26/2021 9:08,Spot,ETH 2.0 Staking Rewards,BETH,1.00E-08,
149547063,9/27/2021 3:02,Spot,Savings Interest,ADA,0.00139465,
149547063,9/27/2021 3:05,Spot,Savings Interest,BNB,0.00000102,
149547063,9/27/2021 3:12,Spot,Savings Interest,BTC,1.80E-07,
149547063,9/27/2021 8:55,Spot,ETH 2.0 Staking Rewards,BETH,1.00E-08,
149547063,9/28/2021 2:03,Spot,Savings Interest,ADA,0.00139465,
149547063,9/28/2021 2:05,Spot,Savings Interest,BNB,0.00000102,
149547063,9/28/2021 2:09,Spot,Savings Interest,BTC,1.80E-07,
149547063,9/28/2021 9:06,Spot,ETH 2.0 Staking Rewards,BETH,1.00E-08,
149547063,9/29/2021 3:03,Spot,Savings Interest,ADA,0.00139465,
149547063,9/29/2021 3:07,Spot,Savings Interest,BNB,0.00000102,
149547063,9/29/2021 3:12,Spot,Savings Interest,BTC,1.80E-07,
149547063,9/29/2021 8:42,Spot,ETH 2.0 Staking Rewards,BETH,1.00E-08,
149547063,9/30/2021 2:01,Spot,Savings Interest,ADA,0.00139465,
149547063,9/30/2021 2:05,Spot,Savings Interest,BNB,0.00000102,
149547063,9/30/2021 2:10,Spot,Savings Interest,BTC,1.80E-07,
149547063,9/30/2021 8:46,Spot,ETH 2.0 Staking Rewards,BETH,1.00E-08,
149547063,10/1/2021 3:02,Spot,Savings Interest,ADA,0.00139465,
149547063,10/1/2021 3:08,Spot,Savings Interest,BTC,1.80E-07,
149547063,10/1/2021 3:08,Spot,Savings Interest,BNB,0.00000102,
149547063,10/1/2021 8:38,Spot,ETH 2.0 Staking Rewards,BETH,1.00E-08,
149547063,10/2/2021 2:01,Spot,Savings Interest,ADA,0.00139465,
149547063,10/2/2021 2:05,Spot,Savings Interest,BNB,0.00000102,
149547063,10/2/2021 2:09,Spot,Savings Interest,BTC,1.80E-07,
149547063,10/2/2021 8:53,Spot,ETH 2.0 Staking Rewards,BETH,1.00E-08,
149547063,10/3/2021 3:01,Spot,Savings Interest,ADA,0.00139465,
149547063,10/3/2021 3:04,Spot,Savings Interest,BNB,0.00000102,
149547063,10/3/2021 3:10,Spot,Savings Interest,BTC,1.80E-07,
149547063,10/3/2021 8:40,Spot,ETH 2.0 Staking Rewards,BETH,1.00E-08,
149547063,10/4/2021 2:03,Spot,Savings Interest,ADA,0.00139465,
149547063,10/4/2021 2:06,Spot,Savings Interest,BNB,0.00000102,
149547063,10/4/2021 2:10,Spot,Savings Interest,BTC,1.80E-07,
149547063,10/4/2021 8:53,Spot,ETH 2.0 Staking Rewards,BETH,1.00E-08,
149547063,10/5/2021 2:01,Spot,Savings Interest,ADA,0.00139465,
149547063,10/5/2021 2:08,Spot,Savings Interest,BNB,0.00000102,
149547063,10/5/2021 2:08,Spot,Savings Interest,BTC,1.80E-07,
149547063,10/5/2021 8:56,Spot,ETH 2.0 Staking Rewards,BETH,1.00E-08,
149547063,10/6/2021 2:04,Spot,Savings Interest,ADA,0.00139465,
149547063,10/6/2021 2:07,Spot,Savings Interest,BNB,0.00000102,
149547063,10/6/2021 2:10,Spot,Savings Interest,BTC,1.80E-07,
149547063,10/6/2021 8:47,Spot,ETH 2.0 Staking Rewards,BETH,1.00E-08,
149547063,10/7/2021 3:01,Spot,Savings Interest,ADA,0.00139465,
149547063,10/7/2021 3:05,Spot,Savings Interest,BNB,0.00000102,
149547063,10/7/2021 3:11,Spot,Savings Interest,BTC,1.80E-07,
149547063,10/7/2021 9:09,Spot,ETH 2.0 Staking Rewards,BETH,1.00E-08,
149547063,10/8/2021 3:02,Spot,Savings Interest,ADA,0.00139465,
149547063,10/8/2021 3:05,Spot,Savings Interest,BNB,0.00000102,
149547063,10/8/2021 3:09,Spot,Savings Interest,BTC,1.80E-07,
149547063,10/8/2021 8:44,Spot,ETH 2.0 Staking Rewards,BETH,1.00E-08,
149547063,10/9/2021 2:02,Spot,Savings Interest,ADA,0.00139465,
149547063,10/9/2021 2:05,Spot,Savings Interest,BNB,0.00000102,
149547063,10/9/2021 2:09,Spot,Savings Interest,BTC,1.80E-07,
149547063,10/9/2021 9:06,Spot,ETH 2.0 Staking Rewards,BETH,1.00E-08,
149547063,10/10/2021 2:03,Spot,Savings Interest,ADA,0.00139465,
149547063,10/10/2021 2:05,Spot,Savings Interest,BNB,0.00000102,
149547063,10/10/2021 2:11,Spot,Savings Interest,BTC,1.80E-07,
149547063,10/10/2021 8:39,Spot,ETH 2.0 Staking Rewards,BETH,1.00E-08,
149547063,10/11/2021 2:03,Spot,Savings Interest,ADA,0.00139465,
149547063,10/11/2021 2:06,Spot,Savings Interest,BNB,0.00000102,
149547063,10/11/2021 2:07,Spot,Savings Interest,BTC,1.80E-07,
149547063,10/11/2021 9:12,Spot,ETH 2.0 Staking Rewards,BETH,1.00E-08,
149547063,10/12/2021 3:03,Spot,Savings Interest,ADA,0.00139465,
149547063,10/12/2021 3:06,Spot,Savings Interest,BNB,0.00000102,
149547063,10/12/2021 3:11,Spot,Savings Interest,BTC,1.80E-07,
149547063,10/12/2021 8:08,Spot,ETH 2.0 Staking Rewards,BETH,1.00E-08,
149547063,10/13/2021 2:02,Spot,Savings Interest,ADA,0.00139465,
149547063,10/13/2021 2:06,Spot,Savings Interest,BNB,0.00000102,
149547063,10/13/2021 2:10,Spot,Savings Interest,BTC,1.80E-07,
149547063,10/13/2021 9:42,Spot,ETH 2.0 Staking Rewards,BETH,1.00E-08,
149547063,10/14/2021 9:29,Spot,Savings Interest,BNB,0.00000102,
149547063,10/14/2021 9:31,Spot,Savings Interest,ADA,0.00139465,
149547063,10/14/2021 9:41,Spot,ETH 2.0 Staking Rewards,BETH,1.00E-08,
149547063,10/14/2021 9:50,Spot,Savings Interest,BTC,1.80E-07,
149547063,10/15/2021 4:01,Spot,Savings Interest,BTC,1.80E-07,
149547063,10/15/2021 4:15,Spot,Savings Interest,BNB,0.00000102,
149547063,10/15/2021 4:21,Spot,Savings Interest,ADA,0.00139465,
149547063,10/16/2021 2:09,Spot,Savings Interest,BTC,1.80E-07,
149547063,10/16/2021 2:24,Spot,Savings Interest,BNB,0.00000102,
149547063,10/16/2021 2:30,Spot,Savings Interest,ADA,0.00139465,
149547063,10/16/2021 3:27,Spot,ETH 2.0 Staking Rewards,BETH,1.00E-08,
149547063,10/16/2021 8:40,Spot,ETH 2.0 Staking Rewards,BETH,1.00E-08,
149547063,10/17/2021 10:41,Spot,ETH 2.0 Staking Rewards,BETH,1.00E-08,
149547063,10/18/2021 6:36,Spot,Savings Interest,BTC,1.80E-07,
149547063,10/18/2021 6:50,Spot,Savings Interest,BNB,0.00000102,
149547063,10/18/2021 6:56,Spot,Savings Interest,ADA,0.00139465,
149547063,10/18/2021 9:04,Spot,ETH 2.0 Staking Rewards,BETH,1.00E-08,
149547063,10/18/2021 10:20,Spot,Savings Interest,BTC,1.80E-07,
149547063,10/18/2021 10:37,Spot,Savings Interest,BNB,0.00000102,
149547063,10/18/2021 10:45,Spot,Savings Interest,ADA,0.00139465,
149547063,10/19/2021 3:10,Spot,Savings Interest,BTC,1.80E-07,
149547063,10/19/2021 3:15,Spot,Savings Interest,BNB,0.00000102,
149547063,10/19/2021 3:31,Spot,Savings Interest,ADA,0.00139465,
149547063,10/19/2021 8:38,Spot,ETH 2.0 Staking Rewards,BETH,1.00E-08,
149547063,10/20/2021 3:10,Spot,Savings Interest,BTC,1.80E-07,
149547063,10/20/2021 3:24,Spot,Savings Interest,BNB,0.00000102,
149547063,10/20/2021 3:30,Spot,Savings Interest,ADA,0.00139465,
149547063,10/20/2021 10:35,Spot,ETH 2.0 Staking Rewards,BETH,1.00E-08,
149547063,10/21/2021 2:09,Spot,Savings Interest,BTC,1.80E-07,
149547063,10/21/2021 2:15,Spot,Savings Interest,BNB,0.00000102,
149547063,10/21/2021 2:30,Spot,Savings Interest,ADA,0.00139465,
149547063,10/21/2021 9:39,Spot,ETH 2.0 Staking Rewards,BETH,1.00E-08,
149547063,10/22/2021 2:08,Spot,Savings Interest,BTC,1.80E-07,
149547063,10/22/2021 2:22,Spot,Savings Interest,BNB,0.00000102,
149547063,10/22/2021 2:28,Spot,Savings Interest,ADA,0.00139465,
149547063,10/22/2021 12:04,Spot,ETH 2.0 Staking Rewards,BETH,1.00E-08,
149547063,10/23/2021 2:08,Spot,Savings Interest,BTC,1.80E-07,
149547063,10/23/2021 2:23,Spot,Savings Interest,BNB,0.00000102,
149547063,10/23/2021 2:29,Spot,Savings Interest,ADA,0.00139465,
149547063,10/23/2021 12:52,Spot,ETH 2.0 Staking Rewards,BETH,1.00E-08,
149547063,10/24/2021 2:09,Spot,Savings Interest,BTC,1.80E-07,
149547063,10/24/2021 2:22,Spot,Savings Interest,BNB,0.00000102,
149547063,10/24/2021 2:28,Spot,Savings Interest,ADA,0.00139465,
149547063,10/24/2021 10:19,Spot,ETH 2.0 Staking Rewards,BETH,1.00E-08,
149547063,10/25/2021 2:08,Spot,Savings Interest,BTC,1.80E-07,
149547063,10/25/2021 2:22,Spot,Savings Interest,BNB,0.00000102,
149547063,10/25/2021 2:28,Spot,Savings Interest,ADA,0.00139465,
149547063,10/25/2021 11:31,Spot,ETH 2.0 Staking Rewards,BETH,1.00E-08,
149547063,10/26/2021 2:09,Spot,Savings Interest,BTC,1.80E-07,
149547063,10/26/2021 2:16,Spot,Savings Interest,BNB,0.00000102,
149547063,10/26/2021 2:21,Spot,Savings Interest,ADA,0.00139465,
149547063,10/26/2021 10:55,Spot,ETH 2.0 Staking Rewards,BETH,1.00E-08,
149547063,10/27/2021 2:09,Spot,Savings Interest,BTC,1.80E-07,
149547063,10/27/2021 2:16,Spot,Savings Interest,BNB,0.00000102,
149547063,10/27/2021 2:21,Spot,Savings Interest,ADA,0.00139465,
149547063,10/27/2021 12:23,Spot,ETH 2.0 Staking Rewards,BETH,1.00E-08,
149547063,10/28/2021 3:13,Spot,Savings Interest,BTC,1.80E-07,
149547063,10/28/2021 3:22,Spot,Savings Interest,BNB,0.00000102,
149547063,10/28/2021 3:26,Spot,Savings Interest,ADA,0.00139465,
149547063,10/28/2021 11:21,Spot,ETH 2.0 Staking Rewards,BETH,1.00E-08,
149547063,10/29/2021 2:08,Spot,Savings Interest,BTC,1.80E-07,
149547063,10/29/2021 2:16,Spot,Savings Interest,BNB,0.00000102,
149547063,10/29/2021 2:20,Spot,Savings Interest,ADA,0.00139465,
149547063,10/29/2021 8:45,Spot,ETH 2.0 Staking Rewards,BETH,1.00E-08,
149547063,10/30/2021 3:10,Spot,Savings Interest,BTC,1.80E-07,
149547063,10/30/2021 3:18,Spot,Savings Interest,BNB,0.00000102,
149547063,10/30/2021 3:23,Spot,Savings Interest,ADA,0.00139465,
149547063,10/30/2021 4:16,Spot,Super BNB Mining,DAR,0.01739592,
149547063,10/30/2021 8:29,Spot,ETH 2.0 Staking Rewards,BETH,1.00E-08,
149547063,10/31/2021 2:08,Spot,Savings Interest,BTC,1.80E-07,
149547063,10/31/2021 2:16,Spot,Savings Interest,BNB,0.00000102,
149547063,10/31/2021 2:21,Spot,Savings Interest,ADA,0.00139465,
149547063,10/31/2021 4:24,Spot,Super BNB Mining,DAR,0.01809208,
149547063,10/31/2021 8:29,Spot,ETH 2.0 Staking Rewards,BETH,1.00E-08,
149547063,11/1/2021 3:09,Spot,Savings Interest,BTC,1.80E-07,
149547063,11/1/2021 3:17,Spot,Savings Interest,BNB,0.00000102,
149547063,11/1/2021 3:22,Spot,Savings Interest,ADA,0.00139465,
149547063,11/1/2021 4:26,Spot,Super BNB Mining,DAR,0.01737291,
149547063,11/1/2021 9:37,Spot,ETH 2.0 Staking Rewards,BETH,1.00E-08,
149547063,11/2/2021 2:51,Spot,Super BNB Mining,DAR,0.01680836,
149547063,11/2/2021 4:08,Spot,Savings Interest,BTC,0.00000111,
149547063,11/2/2021 4:15,Spot,Savings Interest,BNB,0.00000102,
149547063,11/2/2021 4:20,Spot,Savings Interest,ADA,0.00139465,
149547063,11/2/2021 8:30,Spot,ETH 2.0 Staking Rewards,BETH,1.00E-08,
149547063,11/3/2021 4:09,Spot,Savings Interest,BTC,0.00000111,
149547063,11/3/2021 4:13,Spot,Super BNB Mining,DAR,0.01632913,
149547063,11/3/2021 4:25,Spot,Savings Interest,BNB,0.00000102,
149547063,11/3/2021 4:33,Spot,Savings Interest,ADA,0.00139465,
149547063,11/3/2021 9:38,Spot,ETH 2.0 Staking Rewards,BETH,1.00E-08,
149547063,11/4/2021 2:59,Spot,Super BNB Mining,DAR,0.01612799,
149547063,11/4/2021 3:14,Spot,Savings Interest,BTC,0.00000111,
149547063,11/4/2021 3:33,Spot,Savings Interest,BNB,0.00000102,
149547063,11/4/2021 3:44,Spot,Savings Interest,ADA,0.00139465,
149547063,11/4/2021 8:36,Spot,ETH 2.0 Staking Rewards,BETH,1.00E-08,
149547063,11/5/2021 2:10,Spot,Savings Interest,BTC,0.00000111,
149547063,11/5/2021 2:28,Spot,Savings Interest,BNB,0.00000102,
149547063,11/5/2021 2:39,Spot,Savings Interest,ADA,0.00139465,
149547063,11/5/2021 4:07,Spot,Super BNB Mining,DAR,0.0041851,
149547063,11/5/2021 11:19,Spot,ETH 2.0 Staking Rewards,BETH,1.00E-08,
149547063,11/6/2021 2:10,Spot,Savings Interest,BTC,0.00000111,
149547063,11/6/2021 2:29,Spot,Savings Interest,BNB,0.00000102,
149547063,11/6/2021 2:41,Spot,Savings Interest,ADA,0.00139465,
149547063,11/6/2021 3:41,Spot,Super BNB Mining,DAR,0.00415271,
149547063,11/6/2021 8:31,Spot,ETH 2.0 Staking Rewards,BETH,1.00E-08,
149547063,11/7/2021 2:10,Spot,Savings Interest,BTC,0.00000111,
149547063,11/7/2021 2:28,Spot,Savings Interest,BNB,0.00000102,
149547063,11/7/2021 2:40,Spot,Savings Interest,ADA,0.00139465,
149547063,11/7/2021 3:23,Spot,Super BNB Mining,DAR,0.00404336,
149547063,11/7/2021 10:14,Spot,ETH 2.0 Staking Rewards,BETH,1.00E-08,
149547063,11/8/2021 2:10,Spot,Savings Interest,BTC,0.00000111,
149547063,11/8/2021 2:17,Spot,Savings Interest,BNB,0.00000102,
149547063,11/8/2021 2:38,Spot,Savings Interest,ADA,0.00139465,
149547063,11/8/2021 3:29,Spot,Super BNB Mining,DAR,0.0040093,
149547063,11/8/2021 9:33,Spot,ETH 2.0 Staking Rewards,BETH,1.00E-08,
149547063,11/9/2021 2:10,Spot,Savings Interest,BTC,0.00000111,
149547063,11/9/2021 2:26,Spot,Savings Interest,BNB,0.00000102,
149547063,11/9/2021 2:37,Spot,Savings Interest,ADA,0.00139465,
149547063,11/9/2021 4:24,Spot,Super BNB Mining,DAR,0.00401584,
149547063,11/9/2021 9:04,Spot,ETH 2.0 Staking Rewards,BETH,1.00E-08,
149547063,11/10/2021 3:14,Spot,Savings Interest,BTC,0.00000111,
149547063,11/10/2021 3:24,Spot,Savings Interest,BNB,0.00000102,
149547063,11/10/2021 3:46,Spot,Savings Interest,ADA,0.00139465,
149547063,11/10/2021 3:52,Spot,Super BNB Mining,DAR,0.004,
149547063,11/10/2021 8:25,Spot,ETH 2.0 Staking Rewards,BETH,1.00E-08,
149547063,11/11/2021 2:10,Spot,Savings Interest,BTC,0.00000111,
149547063,11/11/2021 2:16,Spot,Savings Interest,BNB,0.00000102,
149547063,11/11/2021 2:21,Spot,Savings Interest,ADA,0.00139465,
149547063,11/11/2021 4:04,Spot,Super BNB Mining,DAR,0.00408357,
149547063,11/11/2021 8:04,Spot,ETH 2.0 Staking Rewards,BETH,1.00E-08,
149547063,11/12/2021 2:10,Spot,Savings Interest,BTC,0.00000111,
149547063,11/12/2021 2:17,Spot,Savings Interest,BNB,0.00000102,
149547063,11/12/2021 2:33,Spot,Savings Interest,ADA,0.00139465,
149547063,11/12/2021 3:52,Spot,Super BNB Mining,CITY,0.00010814,
149547063,11/12/2021 6:28,Spot,Super BNB Mining,DAR,0.00290194,
149547063,11/12/2021 8:19,Spot,ETH 2.0 Staking Rewards,BETH,1.00E-08,
149547063,11/13/2021 2:10,Spot,Savings Interest,BTC,0.00000111,
149547063,11/13/2021 2:26,Spot,Savings Interest,BNB,0.00000102,
149547063,11/13/2021 2:36,Spot,Savings Interest,ADA,0.00139465,
149547063,11/13/2021 3:22,Spot,Super BNB Mining,CITY,0.00013077,
149547063,11/13/2021 6:01,Spot,Super BNB Mining,DAR,0.00259463,
149547063,11/13/2021 8:34,Spot,ETH 2.0 Staking Rewards,BETH,1.00E-08,
149547063,11/14/2021 3:10,Spot,Super BNB Mining,CITY,0.00013515,
149547063,11/14/2021 3:15,Spot,Savings Interest,BTC,0.00000111,
149547063,11/14/2021 3:36,Spot,Savings Interest,BNB,0.00000102,
149547063,11/14/2021 3:45,Spot,Savings Interest,ADA,0.00139465,
149547063,11/14/2021 5:39,Spot,Super BNB Mining,DAR,0.00253175,
149547063,11/14/2021 8:37,Spot,ETH 2.0 Staking Rewards,BETH,1.00E-08,
149547063,11/15/2021 2:11,Spot,Savings Interest,BTC,0.00000111,
149547063,11/15/2021 2:18,Spot,Savings Interest,BNB,0.00000102,
149547063,11/15/2021 2:39,Spot,Savings Interest,ADA,0.00139465,
149547063,11/15/2021 3:45,Spot,Super BNB Mining,CITY,0.00014077,
149547063,11/15/2021 6:26,Spot,Super BNB Mining,DAR,0.00249479,
149547063,11/15/2021 8:58,Spot,ETH 2.0 Staking Rewards,BETH,1.00E-08,
149547063,11/16/2021 3:02,Spot,Super BNB Mining,CITY,0.0001452,
149547063,11/16/2021 3:16,Spot,Savings Interest,BTC,0.00000111,
149547063,11/16/2021 3:38,Spot,Savings Interest,BNB,0.00000102,
149547063,11/16/2021 3:47,Spot,Savings Interest,ADA,0.00139465,
149547063,11/16/2021 5:48,Spot,Super BNB Mining,DAR,0.00254977,
149547063,11/16/2021 9:05,Spot,ETH 2.0 Staking Rewards,BETH,1.00E-08,
149547063,11/17/2021 2:11,Spot,Savings Interest,BTC,0.00000111,
149547063,11/17/2021 2:18,Spot,Savings Interest,BNB,0.00000102,
149547063,11/17/2021 2:41,Spot,Savings Interest,ADA,0.00139465,
149547063,11/17/2021 3:35,Spot,Super BNB Mining,CITY,0.00017665,
149547063,11/17/2021 6:20,Spot,Super BNB Mining,DAR,0.00289956,
149547063,11/17/2021 8:43,Spot,Super BNB Mining,QI,0.01013084,
149547063,11/17/2021 10:11,Spot,ETH 2.0 Staking Rewards,BETH,1.00E-08,
149547063,11/18/2021 2:12,Spot,Savings Interest,BTC,0.00000111,
149547063,11/18/2021 2:31,Spot,Savings Interest,BNB,0.00000102,
149547063,11/18/2021 2:44,Spot,Savings Interest,ADA,0.00139465,
149547063,11/18/2021 3:51,Spot,Super BNB Mining,CITY,0.0001701,
149547063,11/18/2021 6:33,Spot,Super BNB Mining,DAR,0.00216084,
149547063,11/18/2021 8:48,Spot,Super BNB Mining,QI,0.01045832,
149547063,11/18/2021 8:58,Spot,ETH 2.0 Staking Rewards,BETH,1.00E-08,
149547063,11/19/2021 2:12,Spot,Savings Interest,BTC,0.00000111,
149547063,11/19/2021 2:18,Spot,Savings Interest,BNB,0.00000102,
149547063,11/19/2021 2:44,Spot,Savings Interest,ADA,0.00139465,
149547063,11/19/2021 3:40,Spot,Super BNB Mining,CITY,0.00017578,
149547063,11/19/2021 6:26,Spot,Super BNB Mining,DAR,0.00210331,
149547063,11/19/2021 8:47,Spot,Super BNB Mining,QI,0.01087449,
149547063,11/19/2021 17:00,Spot,ETH 2.0 Staking Rewards,BETH,1.00E-08,
149547063,11/20/2021 2:10,Spot,Savings Interest,BTC,0.00000111,
149547063,11/20/2021 2:17,Spot,Savings Interest,BNB,0.00000102,
149547063,11/20/2021 2:42,Spot,Savings Interest,ADA,0.00139465,
149547063,11/20/2021 3:33,Spot,Super BNB Mining,CITY,0.00017725,
149547063,11/20/2021 6:14,Spot,Super BNB Mining,DAR,0.00207509,
149547063,11/20/2021 8:32,Spot,Super BNB Mining,QI,0.01118903,
149547063,11/20/2021 9:54,Spot,ETH 2.0 Staking Rewards,BETH,1.00E-08,
149547063,11/21/2021 2:47,Spot,Super BNB Mining,CITY,0.00017774,
149547063,11/21/2021 3:16,Spot,Savings Interest,BTC,0.00000111,
149547063,11/21/2021 3:42,Spot,Savings Interest,BNB,0.00000102,
149547063,11/21/2021 3:53,Spot,Savings Interest,ADA,0.00139465,
149547063,11/21/2021 5:37,Spot,Super BNB Mining,DAR,0.00202694,
149547063,11/21/2021 7:43,Spot,Super BNB Mining,QI,0.01136884,
149547063,11/21/2021 11:42,Spot,ETH 2.0 Staking Rewards,BETH,1.00E-08,
149547063,11/22/2021 2:49,Spot,Super BNB Mining,CITY,0.00018327,
149547063,11/22/2021 3:16,Spot,Savings Interest,BTC,0.00000111,
149547063,11/22/2021 3:44,Spot,Savings Interest,BNB,0.00000102,
149547063,11/22/2021 3:57,Spot,Savings Interest,ADA,0.00139465,
149547063,11/22/2021 5:58,Spot,Super BNB Mining,DAR,0.0019473,
149547063,11/22/2021 8:13,Spot,Super BNB Mining,QI,0.01182103,
149547063,11/22/2021 9:11,Spot,ETH 2.0 Staking Rewards,BETH,1.00E-08,
149547063,11/23/2021 3:08,Spot,Super BNB Mining,CITY,0.00018515,
149547063,11/23/2021 3:17,Spot,Savings Interest,BTC,0.00000111,
149547063,11/23/2021 3:44,Spot,Savings Interest,BNB,0.00000102,
149547063,11/23/2021 3:56,Spot,Savings Interest,ADA,0.00139465,
149547063,11/23/2021 6:07,Spot,Super BNB Mining,DAR,0.00190619,
149547063,11/23/2021 8:13,Spot,ETH 2.0 Staking Rewards,BETH,1.00E-08,
149547063,11/23/2021 8:17,Spot,Super BNB Mining,QI,0.01167702,
149547063,11/24/2021 2:12,Spot,Savings Interest,BTC,0.00000111,
149547063,11/24/2021 2:22,Spot,Savings Interest,BNB,0.00000102,
149547063,11/24/2021 2:28,Spot,Savings Interest,ADA,0.00139465,
149547063,11/24/2021 3:49,Spot,Super BNB Mining,CITY,0.0001814,
149547063,11/24/2021 6:46,Spot,Super BNB Mining,DAR,0.00184046,
149547063,11/24/2021 9:07,Spot,Super BNB Mining,QI,0.01144993,
149547063,11/24/2021 12:08,Spot,ETH 2.0 Staking Rewards,BETH,1.00E-08,
149547063,11/25/2021 2:12,Spot,Savings Interest,BTC,0.00000111,
149547063,11/25/2021 2:20,Spot,Savings Interest,BNB,0.00000102,
149547063,11/25/2021 2:26,Spot,Savings Interest,ADA,0.00139465,
149547063,11/25/2021 3:48,Spot,Super BNB Mining,CITY,0.00018242,
149547063,11/25/2021 7:04,Spot,Super BNB Mining,DAR,0.001801,
149547063,11/25/2021 8:25,Spot,ETH 2.0 Staking Rewards,BETH,1.00E-08,
149547063,11/25/2021 9:59,Spot,Super BNB Mining,QI,0.01135068,
149547063,11/26/2021 2:12,Spot,Savings Interest,BTC,0.00000111,
149547063,11/26/2021 2:30,Spot,Savings Interest,BNB,0.00000102,
149547063,11/26/2021 2:44,Spot,Savings Interest,ADA,0.00139465,
149547063,11/26/2021 3:56,Spot,Super BNB Mining,CITY,0.0001852,
149547063,11/26/2021 7:07,Spot,Super BNB Mining,DAR,0.00178281,
149547063,11/26/2021 9:14,Spot,ETH 2.0 Staking Rewards,BETH,1.00E-08,
149547063,11/26/2021 10:19,Spot,Super BNB Mining,QI,0.01143081,
149547063,11/27/2021 2:12,Spot,Savings Interest,BTC,0.00000111,
149547063,11/27/2021 2:20,Spot,Savings Interest,BNB,0.00000102,
149547063,11/27/2021 2:49,Spot,Savings Interest,ADA,0.00139465,
149547063,11/27/2021 4:02,Spot,Super BNB Mining,CITY,0.00018869,
149547063,11/27/2021 7:12,Spot,Super BNB Mining,DAR,0.00180012,
149547063,11/27/2021 9:52,Spot,Super BNB Mining,QI,0.01156288,
149547063,11/27/2021 11:36,Spot,ETH 2.0 Staking Rewards,BETH,1.00E-08,
149547063,11/28/2021 2:12,Spot,Savings Interest,BTC,0.00000111,
149547063,11/28/2021 2:25,Spot,Savings Interest,ADA,0.00139465,
149547063,11/28/2021 2:31,Spot,Savings Interest,BNB,0.00000102,
149547063,11/28/2021 3:57,Spot,Super BNB Mining,CITY,0.00020646,
149547063,11/28/2021 7:06,Spot,Super BNB Mining,DAR,0.00170548,
149547063,11/28/2021 9:32,Spot,ETH 2.0 Staking Rewards,BETH,1.00E-08,
149547063,11/28/2021 9:53,Spot,Super BNB Mining,QI,0.01361816,
149547063,11/29/2021 2:13,Spot,Savings Interest,BTC,0.00000111,
149547063,11/29/2021 2:35,Spot,Savings Interest,BNB,0.00000102,
149547063,11/29/2021 2:50,Spot,Savings Interest,ADA,0.00139465,
149547063,11/29/2021 4:14,Spot,Super BNB Mining,CITY,0.0001988,
149547063,11/29/2021 7:41,Spot,Super BNB Mining,QI,0.01240909,
149547063,11/29/2021 10:39,Spot,ETH 2.0 Staking Rewards,BETH,1.00E-08,
149547063,11/30/2021 3:37,Spot,Super BNB Mining,CITY,0.00018876,
149547063,11/30/2021 4:11,Spot,Savings Interest,BTC,0.00000111,
149547063,11/30/2021 4:29,Spot,Savings Interest,BNB,0.00000102,
149547063,11/30/2021 4:37,Spot,Savings Interest,ADA,0.00139465,
149547063,11/30/2021 7:03,Spot,Super BNB Mining,QI,0.01066333,
149547063,11/30/2021 8:29,Spot,ETH 2.0 Staking Rewards,BETH,1.00E-08,
149547063,11/30/2021 9:47,Spot,Super BNB Mining,SANTOS,0.00067352,
149547063,12/1/2021 3:56,Spot,Super BNB Mining,CITY,0.00019018,
149547063,12/1/2021 4:16,Spot,Savings Interest,BTC,0.00000111,
149547063,12/1/2021 4:41,Spot,Savings Interest,BNB,0.00000102,
149547063,12/1/2021 4:52,Spot,Savings Interest,ADA,0.00139465,
149547063,12/1/2021 7:36,Spot,Super BNB Mining,QI,0.0103603,
149547063,12/1/2021 8:09,Spot,ETH 2.0 Staking Rewards,BETH,1.00E-08,
149547063,12/1/2021 10:16,Spot,Super BNB Mining,SANTOS,0.00068543,
149547063,12/2/2021 2:12,Spot,Savings Interest,BTC,0.00000111,
149547063,12/2/2021 2:34,Spot,Savings Interest,BNB,0.00000102,
149547063,12/2/2021 2:49,Spot,Savings Interest,ADA,0.00139465,
149547063,12/2/2021 4:28,Spot,Super BNB Mining,CITY,0.00016876,
149547063,12/2/2021 7:44,Spot,Super BNB Mining,QI,0.00813647,
149547063,12/2/2021 9:49,Spot,ETH 2.0 Staking Rewards,BETH,1.00E-08,
149547063,12/2/2021 11:52,Spot,Super BNB Mining,SANTOS,0.00012568,
149547063,12/3/2021 2:12,Spot,Savings Interest,BTC,0.00000111,
149547063,12/3/2021 2:34,Spot,Savings Interest,BNB,0.00000102,
149547063,12/3/2021 2:48,Spot,Savings Interest,ADA,0.00139465,
149547063,12/3/2021 5:57,Spot,Super BNB Mining,CITY,0.00013983,
149547063,12/3/2021 9:17,Spot,ETH 2.0 Staking Rewards,BETH,1.00E-08,
149547063,12/3/2021 11:39,Spot,Super BNB Mining,QI,0.00574087,
149547063,12/3/2021 16:47,Spot,Super BNB Mining,SANTOS,0.00014735,
149547063,12/4/2021 2:02,Spot,Savings Interest,BTC,0.00000111,
149547063,12/4/2021 2:14,Spot,Savings Interest,BNB,0.00000102,
149547063,12/4/2021 2:32,Spot,Savings Interest,ADA,0.00139465,
149547063,12/4/2021 7:22,Spot,Super BNB Mining,CITY,0.00016594,
149547063,12/4/2021 8:52,Spot,ETH 2.0 Staking Rewards,BETH,1.00E-08,
149547063,12/4/2021 13:24,Spot,Super BNB Mining,MC,0.00070573,
149547063,12/4/2021 18:31,Spot,Super BNB Mining,QI,0.00888188,
149547063,12/4/2021 23:10,Spot,Super BNB Mining,SANTOS,0.0002611,
149547063,12/5/2021 2:12,Spot,Savings Interest,BTC,0.00000111,
149547063,12/5/2021 2:34,Spot,Savings Interest,BNB,0.00000102,
149547063,12/5/2021 2:46,Spot,Savings Interest,ADA,0.00139465,
149547063,12/5/2021 5:39,Spot,Super BNB Mining,CITY,0.00017372,
149547063,12/5/2021 8:45,Spot,ETH 2.0 Staking Rewards,BETH,1.00E-08,
149547063,12/5/2021 11:03,Spot,Super BNB Mining,MC,0.00057796,
149547063,12/5/2021 16:06,Spot,Super BNB Mining,QI,0.01017804,
149547063,12/5/2021 20:50,Spot,Super BNB Mining,SANTOS,0.00035024,
149547063,12/6/2021 2:12,Spot,Savings Interest,BTC,0.00000111,
149547063,12/6/2021 2:19,Spot,Savings Interest,BNB,0.00000102,
149547063,12/6/2021 2:42,Spot,Savings Interest,ADA,0.00139465,
149547063,12/6/2021 5:35,Spot,Super BNB Mining,CITY,0.00017619,
149547063,12/6/2021 10:43,Spot,Super BNB Mining,MC,0.00056022,
149547063,12/6/2021 16:02,Spot,Super BNB Mining,QI,0.01050245,
149547063,12/6/2021 21:11,Spot,Super BNB Mining,SANTOS,0.0003791,
149547063,12/7/2021 2:12,Spot,Savings Interest,BTC,0.00000111,
149547063,12/7/2021 2:31,Spot,Savings Interest,BNB,0.00000102,
149547063,12/7/2021 2:42,Spot,Savings Interest,ADA,0.00139465,
149547063,12/7/2021 3:30,Spot,ETH 2.0 Staking Rewards,BETH,1.00E-08,
149547063,12/7/2021 5:22,Spot,Super BNB Mining,CITY,0.00017584,
149547063,12/7/2021 8:52,Spot,ETH 2.0 Staking Rewards,BETH,1.00E-08,
149547063,12/7/2021 10:27,Spot,Super BNB Mining,MC,0.00053109,
149547063,12/7/2021 15:35,Spot,Super BNB Mining,QI,0.01075345,
149547063,12/7/2021 20:46,Spot,Super BNB Mining,SANTOS,0.00039843,
149547063,12/8/2021 2:13,Spot,Savings Interest,BTC,0.00000111,
149547063,12/8/2021 2:32,Spot,Savings Interest,BNB,0.00000102,
149547063,12/8/2021 2:43,Spot,Savings Interest,ADA,0.00139465,
149547063,12/8/2021 5:28,Spot,Super BNB Mining,CITY,0.00017275,
149547063,12/8/2021 8:52,Spot,ETH 2.0 Staking Rewards,BETH,1.00E-08,
149547063,12/8/2021 10:21,Spot,Super BNB Mining,MC,0.00047641,
149547063,12/8/2021 15:16,Spot,Super BNB Mining,QI,0.01082593,
149547063,12/8/2021 20:20,Spot,Super BNB Mining,SANTOS,0.0004129,
149547063,12/9/2021 4:12,Spot,Savings Interest,BTC,0.00000111,
149547063,12/9/2021 4:19,Spot,Savings Interest,BNB,0.00000102,
149547063,12/9/2021 4:25,Spot,Savings Interest,ADA,0.00139465,
149547063,12/9/2021 5:46,Spot,Super BNB Mining,CITY,0.00016639,
149547063,12/9/2021 9:30,Spot,ETH 2.0 Staking Rewards,BETH,1.00E-08,
149547063,12/9/2021 10:10,Spot,Super BNB Mining,MC,0.00047684,
149547063,12/9/2021 14:35,Spot,Super BNB Mining,QI,0.01082598,
149547063,12/9/2021 18:48,Spot,Super BNB Mining,SANTOS,0.00042417,
149547063,12/10/2021 2:13,Spot,Savings Interest,BTC,0.00000111,
149547063,12/10/2021 2:26,Spot,Savings Interest,ADA,0.00139465,
149547063,12/10/2021 2:35,Spot,Savings Interest,BNB,0.00000102,
149547063,12/10/2021 5:28,Spot,Super BNB Mining,CITY,0.00016441,
149547063,12/10/2021 9:40,Spot,ETH 2.0 Staking Rewards,BETH,1.00E-08,
149547063,12/10/2021 10:25,Spot,Super BNB Mining,MC,0.00046923,
149547063,12/10/2021 14:59,Spot,Super BNB Mining,QI,0.01089087,
149547063,12/10/2021 19:16,Spot,Super BNB Mining,SANTOS,0.00042993,
149547063,12/11/2021 4:13,Spot,Savings Interest,BTC,0.00000111,
149547063,12/11/2021 4:32,Spot,Savings Interest,BNB,0.00000102,
149547063,12/11/2021 4:40,Spot,Savings Interest,ADA,0.00139465,
149547063,12/11/2021 5:03,Spot,Super BNB Mining,CITY,0.00016581,
149547063,12/11/2021 8:42,Spot,ETH 2.0 Staking Rewards,BETH,1.00E-08,
149547063,12/11/2021 9:31,Spot,Super BNB Mining,MC,0.00046388,
149547063,12/11/2021 13:53,Spot,Super BNB Mining,QI,0.01100953,
149547063,12/11/2021 18:06,Spot,Super BNB Mining,SANTOS,0.00043078,
149547063,12/12/2021 4:15,Spot,Savings Interest,BTC,0.00000111,
149547063,12/12/2021 4:39,Spot,Savings Interest,BNB,0.00000102,
149547063,12/12/2021 4:51,Spot,Savings Interest,ADA,0.00139465,
149547063,12/12/2021 5:15,Spot,Super BNB Mining,MC,0.00046298,
149547063,12/12/2021 10:09,Spot,Super BNB Mining,QI,0.01109802,
149547063,12/12/2021 13:00,Spot,ETH 2.0 Staking Rewards,BETH,1.00E-08,
149547063,12/12/2021 14:35,Spot,Super BNB Mining,SANTOS,0.00043372,
149547063,12/13/2021 4:16,Spot,Savings Interest,BTC,0.00000111,
149547063,12/13/2021 4:41,Spot,Savings Interest,BNB,0.00000102,
149547063,12/13/2021 4:52,Spot,Savings Interest,ADA,0.00139465,
149547063,12/13/2021 5:23,Spot,Super BNB Mining,MC,0.00046261,
149547063,12/13/2021 9:00,Spot,ETH 2.0 Staking Rewards,BETH,1.00E-08,
149547063,12/13/2021 10:33,Spot,Super BNB Mining,QI,0.01113475,
149547063,12/13/2021 14:48,Spot,Super BNB Mining,SANTOS,0.00043614,
149547063,12/14/2021 4:14,Spot,Savings Interest,BTC,0.00000111,
149547063,12/14/2021 4:39,Spot,Savings Interest,BNB,0.00000102,
149547063,12/14/2021 4:51,Spot,Savings Interest,ADA,0.00139465,
149547063,12/14/2021 5:11,Spot,Super BNB Mining,MC,0.00059289,
149547063,12/14/2021 8:40,Spot,ETH 2.0 Staking Rewards,BETH,1.00E-08,
149547063,12/14/2021 11:33,Spot,Super BNB Mining,QI,0.01192891,
149547063,12/14/2021 17:11,Spot,Super BNB Mining,SANTOS,0.00047871,
149547063,12/15/2021 4:15,Spot,Savings Interest,BTC,0.00000111,
149547063,12/15/2021 4:40,Spot,Savings Interest,BNB,0.00000102,
149547063,12/15/2021 4:51,Spot,Savings Interest,ADA,0.00139465,
149547063,12/15/2021 5:55,Spot,Super BNB Mining,MC,0.00086177,
149547063,12/15/2021 9:22,Spot,ETH 2.0 Staking Rewards,BETH,1.00E-08,
149547063,12/15/2021 11:41,Spot,Super BNB Mining,QI,0.01406291,
149547063,12/15/2021 16:21,Spot,Super BNB Mining,SANTOS,0.00059585,
149547063,12/16/2021 4:16,Spot,Savings Interest,BTC,0.00000111,
149547063,12/16/2021 4:40,Spot,Savings Interest,BNB,0.00000102,
149547063,12/16/2021 4:53,Spot,Savings Interest,ADA,0.00139465,
149547063,12/16/2021 5:36,Spot,Super BNB Mining,MC,0.00067113,
149547063,12/16/2021 8:39,Spot,ETH 2.0 Staking Rewards,BETH,1.00E-08,
149547063,12/16/2021 10:13,Spot,Super BNB Mining,QI,0.01322399,
149547063,12/16/2021 14:50,Spot,Super BNB Mining,SANTOS,0.00057135,
149547063,12/17/2021 4:15,Spot,Savings Interest,BTC,0.00000111,
149547063,12/17/2021 4:41,Spot,Savings Interest,BNB,0.00000102,
149547063,12/17/2021 4:53,Spot,Savings Interest,ADA,0.00139465,
149547063,12/17/2021 5:19,Spot,Super BNB Mining,MC,0.00089261,
149547063,12/17/2021 8:34,Spot,ETH 2.0 Staking Rewards,BETH,1.00E-08,
149547063,12/17/2021 10:13,Spot,Super BNB Mining,SANTOS,0.00060853,
149547063,12/18/2021 4:15,Spot,Savings Interest,BTC,0.00000111,
149547063,12/18/2021 4:40,Spot,Savings Interest,BNB,0.00000102,
149547063,12/18/2021 4:52,Spot,Savings Interest,ADA,0.00139465,
149547063,12/18/2021 5:21,Spot,Super BNB Mining,MC,0.00082241,
149547063,12/18/2021 8:39,Spot,ETH 2.0 Staking Rewards,BETH,1.00E-08,
149547063,12/18/2021 10:06,Spot,Super BNB Mining,SANTOS,0.00060369,
149547063,12/19/2021 4:15,Spot,Savings Interest,BTC,0.00000111,
149547063,12/19/2021 4:41,Spot,Savings Interest,BNB,0.00000102,
149547063,12/19/2021 4:53,Spot,Savings Interest,ADA,0.00139465,
149547063,12/19/2021 5:39,Spot,Super BNB Mining,HIGH,0.00026754,
149547063,12/19/2021 9:39,Spot,ETH 2.0 Staking Rewards,BETH,1.00E-08,
149547063,12/19/2021 10:18,Spot,Super BNB Mining,MC,0.00081684,
149547063,12/19/2021 14:43,Spot,Super BNB Mining,SANTOS,0.00060898,
149547063,12/20/2021 4:15,Spot,Savings Interest,BTC,0.00000111,
149547063,12/20/2021 4:40,Spot,Savings Interest,BNB,0.00000102,
149547063,12/20/2021 4:52,Spot,Savings Interest,ADA,0.00139465,
149547063,12/20/2021 5:14,Spot,Super BNB Mining,HIGH,0.0002833,
149547063,12/20/2021 9:00,Spot,ETH 2.0 Staking Rewards,BETH,1.00E-08,
149547063,12/20/2021 10:56,Spot,Super BNB Mining,MC,0.00077131,
149547063,12/20/2021 15:40,Spot,Super BNB Mining,SANTOS,0.00062544,
149547063,12/21/2021 2:12,Spot,Savings Interest,BTC,0.00000111,
149547063,12/21/2021 2:20,Spot,Savings Interest,BNB,0.00000102,
149547063,12/21/2021 2:45,Spot,Savings Interest,ADA,0.00139465,
149547063,12/21/2021 5:32,Spot,Super BNB Mining,HIGH,0.00029313,
149547063,12/21/2021 8:45,Spot,ETH 2.0 Staking Rewards,BETH,1.00E-08,
149547063,12/21/2021 10:55,Spot,Super BNB Mining,MC,0.00075031,
149547063,12/21/2021 15:19,Spot,Super BNB Mining,SANTOS,0.00062799,
149547063,12/22/2021 4:12,Spot,Savings Interest,BTC,0.00000111,
149547063,12/22/2021 4:32,Spot,Savings Interest,BNB,0.00000102,
149547063,12/22/2021 4:41,Spot,Super BNB Mining,HIGH,0.00031593,
149547063,12/22/2021 4:42,Spot,Savings Interest,ADA,0.00139465,
149547063,12/22/2021 9:34,Spot,Super BNB Mining,MC,0.00071759,
149547063,12/22/2021 12:33,Spot,ETH 2.0 Staking Rewards,BETH,1.00E-08,
149547063,12/22/2021 14:06,Spot,Super BNB Mining,SANTOS,0.00063198,
149547063,12/23/2021 2:12,Spot,Savings Interest,BTC,0.00000111,
149547063,12/23/2021 2:21,Spot,Savings Interest,BNB,0.00000102,
149547063,12/23/2021 2:43,Spot,Savings Interest,ADA,0.00139465,
149547063,12/23/2021 5:20,Spot,Super BNB Mining,HIGH,0.00032229,
149547063,12/23/2021 8:33,Spot,ETH 2.0 Staking Rewards,BETH,1.00E-08,
149547063,12/23/2021 10:20,Spot,Super BNB Mining,MC,0.00070713,
149547063,12/23/2021 14:49,Spot,Super BNB Mining,SANTOS,0.00063399,
149547063,12/24/2021 2:12,Spot,Savings Interest,BTC,0.00000111,
149547063,12/24/2021 2:21,Spot,Savings Interest,BNB,0.00000102,
149547063,12/24/2021 2:45,Spot,Savings Interest,ADA,0.00139465,
149547063,12/24/2021 5:18,Spot,Super BNB Mining,HIGH,0.00032542,
149547063,12/24/2021 9:08,Spot,ETH 2.0 Staking Rewards,BETH,1.00E-08,
149547063,12/24/2021 10:41,Spot,Super BNB Mining,MC,0.00070717,
149547063,12/24/2021 15:39,Spot,Super BNB Mining,SANTOS,0.00063772,
149547063,12/25/2021 4:14,Spot,Savings Interest,BTC,0.00000111,
149547063,12/25/2021 4:22,Spot,Savings Interest,BNB,0.00000102,
149547063,12/25/2021 4:45,Spot,Savings Interest,ADA,0.00139465,
149547063,12/25/2021 5:00,Spot,Super BNB Mining,HIGH,0.00032914,
149547063,12/25/2021 9:04,Spot,ETH 2.0 Staking Rewards,BETH,1.00E-08,
149547063,12/25/2021 9:29,Spot,Super BNB Mining,MC,0.00069968,
149547063,12/25/2021 14:09,Spot,Super BNB Mining,SANTOS,0.00064319,
149547063,12/26/2021 4:16,Spot,Savings Interest,BTC,0.00000111,
149547063,12/26/2021 4:25,Spot,Savings Interest,BNB,0.00000102,
149547063,12/26/2021 4:53,Spot,Savings Interest,ADA,0.00139465,
149547063,12/26/2021 5:32,Spot,Super BNB Mining,HIGH,0.00033276,
149547063,12/26/2021 9:13,Spot,ETH 2.0 Staking Rewards,BETH,1.00E-08,
149547063,12/26/2021 10:13,Spot,Super BNB Mining,MC,0.00069316,
149547063,12/26/2021 15:04,Spot,Super BNB Mining,SANTOS,0.000645,
149547063,12/27/2021 4:11,Spot,Savings Interest,BTC,0.00000111,
149547063,12/27/2021 4:30,Spot,Savings Interest,BNB,0.00000102,
149547063,12/27/2021 4:38,Spot,Savings Interest,ADA,0.00139465,
149547063,12/27/2021 5:43,Spot,Super BNB Mining,HIGH,0.00031486,
149547063,12/27/2021 8:31,Spot,ETH 2.0 Staking Rewards,BETH,1.00E-08,
149547063,12/27/2021 10:08,Spot,Super BNB Mining,MC,0.0007051,
149547063,12/27/2021 14:38,Spot,Super BNB Mining,SANTOS,0.00064474,
149547063,12/28/2021 4:13,Spot,Savings Interest,BTC,0.00000111,
149547063,12/28/2021 4:33,Spot,Savings Interest,BNB,0.00000102,
149547063,12/28/2021 4:43,Spot,Savings Interest,ADA,0.00139465,
149547063,12/28/2021 5:53,Spot,Super BNB Mining,HIGH,0.00037892,
149547063,12/28/2021 9:42,Spot,ETH 2.0 Staking Rewards,BETH,1.00E-08,
149547063,12/28/2021 11:15,Spot,Super BNB Mining,MC,0.00095367,
149547063,12/29/2021 3:52,Spot,Savings Interest,BTC,0.00000111,
149547063,12/29/2021 4:02,Spot,Savings Interest,ADA,0.00139465,
149547063,12/29/2021 4:04,Spot,Savings Interest,BNB,0.00000102,
149547063,12/29/2021 5:07,Spot,Super BNB Mining,HIGH,0.00038253,
149547063,12/29/2021 9:13,Spot,ETH 2.0 Staking Rewards,BETH,1.00E-08,
149547063,12/29/2021 9:32,Spot,Super BNB Mining,MC,0.00097776,
149547063,12/30/2021 2:08,Spot,Savings Interest,BTC,0.00000111,
149547063,12/30/2021 2:19,Spot,Savings Interest,ADA,0.00139465,
149547063,12/30/2021 2:20,Spot,Savings Interest,BNB,0.00000102,
149547063,12/30/2021 5:40,Spot,Super BNB Mining,HIGH,0.00038827,
149547063,12/30/2021 9:16,Spot,ETH 2.0 Staking Rewards,BETH,1.00E-08,
149547063,12/30/2021 10:45,Spot,Super BNB Mining,MC,0.0009777,
149547063,12/31/2021 3:13,Spot,Savings Interest,BTC,0.00000111,
149547063,12/31/2021 3:34,Spot,Savings Interest,ADA,0.00139465,
149547063,12/31/2021 3:34,Spot,Savings Interest,BNB,0.00000102,
149547063,12/31/2021 6:11,Spot,Super BNB Mining,HIGH,0.00038873,
149547063,12/31/2021 8:45,Spot,ETH 2.0 Staking Rewards,BETH,1.00E-08,
149547063,12/31/2021 10:50,Spot,Super BNB Mining,MC,0.0009815,
